"ID","Description","GeneRatio","BgRatio","RichFactor","FoldEnrichment","zScore","pvalue","p.adjust","qvalue","geneID","Count"
"GO:0032535","regulation of cellular component size","10/36","361/18860",0.0277008310249307,14.5121575869498,11.3359729235543,9.52104950400845e-10,1.64714156419346e-06,9.63129323510749e-07,"ADCY10/ARHGAP28/CDK5/DLG1/GBA2/LIMK1/NEB/NPHS1/TENM1/VEGFA",10
"GO:0072073","kidney epithelium development","7/36","151/18860",0.0463576158940397,24.2862398822664,12.5636889807328,1.26016936708261e-08,1.09004650252646e-05,6.37380400929677e-06,"ARG2/BMP2/DLG1/NPHS1/VEGFA/WNT11/WWTR1",7
"GO:0032970","regulation of actin filament-based process","9/36","402/18860",0.0223880597014925,11.728855721393,9.50886615367392,4.6983202635829e-08,2.7093646853328e-05,1.58424062221164e-05,"ADCY10/ARHGAP28/DLC1/DLG1/GBA2/LIMK1/NEB/NPHS1/TENM1",9
"GO:0072009","nephron epithelium development","6/36","122/18860",0.0491803278688525,25.7650273224044,12.0008424164901,1.07585521728837e-07,3.02371223766531e-05,1.76804834827889e-05,"BMP2/DLG1/NPHS1/VEGFA/WNT11/WWTR1",6
"GO:0001822","kidney development","8/36","323/18860",0.0247678018575851,12.9755761953904,9.4936360408437,1.35287240813483e-07,3.02371223766531e-05,1.76804834827889e-05,"ARG2/BMP2/DLG1/HAS2/NPHS1/VEGFA/WNT11/WWTR1",8
"GO:0030198","extracellular matrix organization","8/36","331/18860",0.0241691842900302,12.6619671030547,9.36083180182583,1.63136026087209e-07,3.02371223766531e-05,1.76804834827889e-05,"BMP2/CTSS/ERO1A/HAS2/MMP19/NDNF/NPHS1/SMOC1",8
"GO:0043062","extracellular structure organization","8/36","332/18860",0.0240963855421687,12.623828647925,9.34455433424034,1.66941197291061e-07,3.02371223766531e-05,1.76804834827889e-05,"BMP2/CTSS/ERO1A/HAS2/MMP19/NDNF/NPHS1/SMOC1",8
"GO:0045229","external encapsulating structure organization","8/36","333/18860",0.024024024024024,12.5859192525859,9.32834687412305,1.70822451697542e-07,3.02371223766531e-05,1.76804834827889e-05,"BMP2/CTSS/ERO1A/HAS2/MMP19/NDNF/NPHS1/SMOC1",8
"GO:0007015","actin filament organization","9/36","469/18860",0.0191897654584222,10.0533049040512,8.68251455131885,1.74583487004287e-07,3.02371223766531e-05,1.76804834827889e-05,"ARHGAP28/DLC1/DLG1/GBA2/LIMK1/NEB/NPHS1/TAGLN3/TENM1",9
"GO:0072001","renal system development","8/36","334/18860",0.0239520958083832,12.5482368596141,9.31220890161296,1.74781054200307e-07,3.02371223766531e-05,1.76804834827889e-05,"ARG2/BMP2/DLG1/HAS2/NPHS1/VEGFA/WNT11/WWTR1",8
"GO:0032956","regulation of actin cytoskeleton organization","8/36","357/18860",0.0224089635854342,11.7398070339247,8.95909487082357,2.90346170367698e-07,4.56635340669198e-05,2.67007339448189e-05,"ARHGAP28/DLC1/DLG1/GBA2/LIMK1/NEB/NPHS1/TENM1",8
"GO:0030832","regulation of actin filament length","6/36","153/18860",0.0392156862745098,20.5446623093682,10.6151573700905,4.11573797753792e-07,5.9335222509505e-05,3.46949490913504e-05,"ARHGAP28/DLG1/GBA2/NEB/NPHS1/TENM1",6
"GO:0072006","nephron development","6/36","160/18860",0.0375,19.6458333333333,10.3579929134884,5.3550913905521e-07,7.12639085050395e-05,4.16699823993569e-05,"BMP2/DLG1/NPHS1/VEGFA/WNT11/WWTR1",6
"GO:0110053","regulation of actin filament organization","7/36","274/18860",0.0255474452554745,13.3840227088402,9.03022722074848,7.36648390131908e-07,9.10286939234429e-05,5.32270002193055e-05,"ARHGAP28/DLC1/DLG1/GBA2/LIMK1/NPHS1/TENM1",7
"GO:0001657","ureteric bud development","5/36","98/18860",0.0510204081632653,26.7290249433107,11.1673833213598,1.13392451781079e-06,0.000108589603323839,6.34953506505687e-05,"ARG2/BMP2/DLG1/VEGFA/WNT11",5
"GO:0060993","kidney morphogenesis","5/36","98/18860",0.0510204081632653,26.7290249433107,11.1673833213598,1.13392451781079e-06,0.000108589603323839,6.34953506505687e-05,"BMP2/DLG1/VEGFA/WNT11/WWTR1",5
"GO:0072080","nephron tubule development","5/36","99/18860",0.0505050505050505,26.4590347923681,11.1067287015573,1.19260257985719e-06,0.000108589603323839,6.34953506505687e-05,"BMP2/DLG1/VEGFA/WNT11/WWTR1",5
"GO:0072163","mesonephric epithelium development","5/36","99/18860",0.0505050505050505,26.4590347923681,11.1067287015573,1.19260257985719e-06,0.000108589603323839,6.34953506505687e-05,"ARG2/BMP2/DLG1/VEGFA/WNT11",5
"GO:0072164","mesonephric tubule development","5/36","99/18860",0.0505050505050505,26.4590347923681,11.1067287015573,1.19260257985719e-06,0.000108589603323839,6.34953506505687e-05,"ARG2/BMP2/DLG1/VEGFA/WNT11",5
"GO:0001823","mesonephros development","5/36","103/18860",0.0485436893203883,25.4314994606257,10.8728067458369,1.45170666013804e-06,0.000125460803937996,7.33604092390718e-05,"ARG2/BMP2/DLG1/VEGFA/WNT11",5
"GO:0061326","renal tubule development","5/36","104/18860",0.0480769230769231,25.1869658119658,10.8163958263198,1.52293461427626e-06,0.000125460803937996,7.33604092390718e-05,"BMP2/DLG1/VEGFA/WNT11/WWTR1",5
"GO:0010720","positive regulation of cell development","8/36","451/18860",0.0177383592017738,9.29292929292929,7.7953524948827,1.68884370459589e-06,0.000128006181220103,7.48487618816666e-05,"ADCY10/BMP2/CCL19/CD27/EGR3/LIMK1/TGFBR2/VEGFA",8
"GO:0001837","epithelial to mesenchymal transition","6/36","195/18860",0.0307692307692308,16.1196581196581,9.28110964301211,1.70181628211698e-06,0.000128006181220103,7.48487618816666e-05,"BMP2/HAS2/TGFBR2/VEGFA/WNT11/WWTR1",6
"GO:0030833","regulation of actin filament polymerization","5/36","130/18860",0.0384615384615385,20.1495726495727,9.58112480817953,4.57420727475969e-06,0.000329724107722261,0.000192798824168599,"ARHGAP28/DLG1/GBA2/NPHS1/TENM1",5
"GO:0031589","cell-substrate adhesion","7/36","369/18860",0.018970189701897,9.93827160493827,7.58300172279628,5.30737755994853e-06,0.000367270527148438,0.00021475325621518,"CDK5/DLC1/HAS2/LPXN/NDNF/TYRO3/VEGFA",7
"GO:0060560","developmental growth involved in morphogenesis","6/36","246/18860",0.024390243902439,12.7777777777778,8.1314066042698,6.50163556073414e-06,0.000432608827695002,0.000252958371411559,"ADCY10/CDK5/LIMK1/TGFBR2/VEGFA/WNT11",6
"GO:0060675","ureteric bud morphogenesis","4/36","67/18860",0.0597014925373134,31.2769485903814,10.8569058439924,7.8646446801597e-06,0.00049726407605941,0.000290764087066074,"BMP2/DLG1/VEGFA/WNT11",4
"GO:1902903","regulation of supramolecular fiber organization","7/36","395/18860",0.0177215189873418,9.28410689170183,7.27652807685884,8.28271393442621e-06,0.00049726407605941,0.000290764087066074,"ARHGAP28/DLC1/DLG1/GBA2/LIMK1/NPHS1/TENM1",7
"GO:0072171","mesonephric tubule morphogenesis","4/36","68/18860",0.0588235294117647,30.8169934640523,10.7717540371346,8.34484960660575e-06,0.00049726407605941,0.000290764087066074,"BMP2/DLG1/VEGFA/WNT11",4
"GO:1903037","regulation of leukocyte cell-cell adhesion","7/36","401/18860",0.0174563591022444,9.14519257412025,7.20981434444864,9.13712842981658e-06,0.00049726407605941,0.000290764087066074,"ARG2/CCL19/CD27/DLG1/EGR3/HAS2/TGFBR2",7
"GO:0008064","regulation of actin polymerization or depolymerization","5/36","150/18860",0.0333333333333333,17.462962962963,8.85261058293738,9.19794822768851e-06,0.00049726407605941,0.000290764087066074,"ARHGAP28/DLG1/GBA2/NPHS1/TENM1",5
"GO:0090090","negative regulation of canonical Wnt signaling pathway","5/36","150/18860",0.0333333333333333,17.462962962963,8.85261058293738,9.19794822768851e-06,0.00049726407605941,0.000290764087066074,"BMP2/NPHP4/SOST/WNT11/WWTR1",5
"GO:0030041","actin filament polymerization","5/36","157/18860",0.0318471337579618,16.6843595187544,8.63009549820718,1.14783232404216e-05,0.000601742400179676,0.000351855458821216,"ARHGAP28/DLG1/GBA2/NPHS1/TENM1",5
"GO:0072078","nephron tubule morphogenesis","4/36","76/18860",0.0526315789473684,27.5730994152047,10.1510178678661,1.30044202529021e-05,0.000627289953719349,0.000366793821432488,"BMP2/DLG1/VEGFA/WNT11",4
"GO:0003007","heart morphogenesis","6/36","278/18860",0.0215827338129496,11.3069544364508,7.5711377844277,1.3053432562946e-05,0.000627289953719349,0.000366793821432488,"BMP2/DLC1/HAS2/TGFBR2/VEGFA/WNT11",6
"GO:0048762","mesenchymal cell differentiation","6/36","278/18860",0.0215827338129496,11.3069544364508,7.5711377844277,1.3053432562946e-05,0.000627289953719349,0.000366793821432488,"BMP2/HAS2/TGFBR2/VEGFA/WNT11/WWTR1",6
"GO:0072088","nephron epithelium morphogenesis","4/36","78/18860",0.0512820512820513,26.8660968660969,10.0106414465556,1.4419255632689e-05,0.000674197628231134,0.000394222038777073,"BMP2/DLG1/VEGFA/WNT11",4
"GO:0072028","nephron morphogenesis","4/36","80/18860",0.05,26.1944444444444,9.87544351702896,1.59443270977328e-05,0.00070676219992812,0.000413263446383282,"BMP2/DLG1/VEGFA/WNT11",4
"GO:0043254","regulation of protein-containing complex assembly","7/36","438/18860",0.0159817351598174,8.3726534753932,6.82727052543108,1.61882210241098e-05,0.00070676219992812,0.000413263446383282,"ARHGAP28/DLG1/GBA2/NPHS1/SOST/TENM1/VEGFA",7
"GO:0007159","leukocyte cell-cell adhesion","7/36","439/18860",0.0159453302961276,8.35358137180461,6.81756339299537,1.64281564207751e-05,0.00070676219992812,0.000413263446383282,"ARG2/CCL19/CD27/DLG1/EGR3/HAS2/TGFBR2",7
"GO:0061333","renal tubule morphogenesis","4/36","81/18860",0.0493827160493827,25.8710562414266,9.80968657406136,1.67498556052329e-05,0.00070676219992812,0.000413263446383282,"BMP2/DLG1/VEGFA/WNT11",4
"GO:0062009","secondary palate development","3/36","27/18860",0.111111111111111,58.2098765432099,13.009115304298,1.81024416011449e-05,0.000745648189761444,0.000436001162373439,"DLG1/TGFBR2/WNT11",3
"GO:0030516","regulation of axon extension","4/36","84/18860",0.0476190476190476,24.9470899470899,9.61934439426241,1.93464998284138e-05,0.000778359179143161,0.000455128184457912,"ADCY10/CDK5/LIMK1/VEGFA",4
"GO:0060537","muscle tissue development","7/36","453/18860",0.0154525386313466,8.09541329408879,6.684823049219,2.0109283163058e-05,0.000790660451638417,0.00046232107941863,"BMP2/CDK5/DLG1/ERO1A/NEB/NPHS1/VEGFA",7
"GO:0001503","ossification","7/36","455/18860",0.0153846153846154,8.05982905982906,6.66632674657884,2.06869159819992e-05,0.000795296992196857,0.000465032193185993,"ADCY10/BMP2/SMOC1/SOST/VEGFA/WNT11/WWTR1",7
"GO:0030178","negative regulation of Wnt signaling pathway","5/36","185/18860",0.027027027027027,14.1591591591592,7.86571709641068,2.53405003510313e-05,0.000953023165375741,0.000557259058062724,"BMP2/NPHP4/SOST/WNT11/WWTR1",5
"GO:0008154","actin polymerization or depolymerization","5/36","187/18860",0.0267379679144385,14.0077243018419,7.81753261328288,2.66825831876713e-05,0.000982146147120667,0.000574288072639465,"ARHGAP28/DLG1/GBA2/NPHS1/TENM1",5
"GO:0007162","negative regulation of cell adhesion","6/36","326/18860",0.0184049079754601,9.64212678936605,6.88334405656229,3.20380373270103e-05,0.00115470426199433,0.000675187584895984,"ARG2/BMP2/DLC1/DLG1/LPXN/VEGFA",6
"GO:0032271","regulation of protein polymerization","5/36","202/18860",0.0247524752475248,12.9675467546755,7.47830023087616,3.86001389134481e-05,0.00136282123102582,0.000796879344700829,"ARHGAP28/DLG1/GBA2/NPHS1/TENM1",5
"GO:0061387","regulation of extent of cell growth","4/36","101/18860",0.0396039603960396,20.7480748074807,8.70232367498343,4.00046421481873e-05,0.00138416061832728,0.000809357075882273,"ADCY10/CDK5/LIMK1/VEGFA",4
"GO:0060562","epithelial tube morphogenesis","6/36","344/18860",0.0174418604651163,9.13759689922481,6.66126071439965,4.32555932958529e-05,0.00145286521414835,0.000849530557223345,"BMP2/DLC1/DLG1/TGFBR2/VEGFA/WNT11",6
"GO:0060317","cardiac epithelial to mesenchymal transition","3/36","36/18860",0.0833333333333333,43.6574074074074,11.2032589327802,4.36699370726672e-05,0.00145286521414835,0.000849530557223345,"BMP2/HAS2/TGFBR2",3
"GO:0060485","mesenchyme development","6/36","347/18860",0.0172910662824208,9.05859750240154,6.6258320801592,4.53989732462911e-05,0.00148189101351101,0.00086650274656774,"BMP2/HAS2/TGFBR2/VEGFA/WNT11/WWTR1",6
"GO:0045773","positive regulation of axon extension","3/36","39/18860",0.0769230769230769,40.2991452991453,10.7435716592755,5.56768340260869e-05,0.00178372079379871,0.00104299098438732,"ADCY10/LIMK1/VEGFA",3
"GO:0031346","positive regulation of cell projection organization","6/36","367/18860",0.0163487738419619,8.56494096276113,6.40014058786424,6.19694883778638e-05,0.00191746597406928,0.00112119549807154,"ADCY10/CCL19/LIMK1/NDNF/TENM1/VEGFA",6
"GO:0048675","axon extension","4/36","113/18860",0.0353982300884956,18.5447394296952,8.1804063688241,6.2068262744439e-05,0.00191746597406928,0.00112119549807154,"ADCY10/CDK5/LIMK1/VEGFA",4
"GO:0045216","cell-cell junction organization","5/36","226/18860",0.0221238938053097,11.5904621435595,7.00439629590323,6.58242586599197e-05,0.00199782399090634,0.00116818305765804,"DLG1/NPHP4/NPHS1/VEGFA/WNT11",5
"GO:0007517","muscle organ development","6/36","373/18860",0.0160857908847185,8.42716711349419,6.33576433151095,6.77869111960223e-05,0.0020219199373986,0.00118227262539705,"BMP2/CDK5/EGR3/ERO1A/NEB/NPHS1",6
"GO:0048588","developmental cell growth","5/36","238/18860",0.0210084033613445,11.0060690943044,6.79349778898333,8.40538955177308e-05,0.0024646311736555,0.00144113815508545,"ADCY10/CDK5/LIMK1/TGFBR2/VEGFA",5
"GO:0045582","positive regulation of T cell differentiation","4/36","125/18860",0.032,16.7644444444444,7.73323934206594,9.19147292960059e-05,0.00265020802803484,0.00154965008514845,"CCL19/CD27/EGR3/TGFBR2",4
"GO:0010463","mesenchymal cell proliferation","3/36","47/18860",0.0638297872340425,33.4397163120567,9.73759196662106,9.77547750714514e-05,0.00277238952251821,0.00162109299126255,"BMP2/TGFBR2/WNT11",3
"GO:0010717","regulation of epithelial to mesenchymal transition","4/36","128/18860",0.03125,16.3715277777778,7.63105472497739,0.000100766385364687,0.00281170720453077,0.00164408312963436,"BMP2/TGFBR2/VEGFA/WWTR1",4
"GO:0050863","regulation of T cell activation","6/36","404/18860",0.0148514851485149,7.78052805280528,6.02476390157612,0.000105207764808863,0.00288903862094179,0.0016893009520688,"ARG2/CCL19/CD27/DLG1/EGR3/TGFBR2",6
"GO:0030838","positive regulation of actin filament polymerization","3/36","52/18860",0.0576923076923077,30.224358974359,9.22847587359572,0.000132363244778999,0.00357794396043231,0.002092122997247,"DLG1/NPHS1/TENM1",3
"GO:0001649","osteoblast differentiation","5/36","265/18860",0.0188679245283019,9.88469601677149,6.36974494043299,0.00013921649471755,0.00370530055171325,0.0021665919258877,"BMP2/SMOC1/VEGFA/WNT11/WWTR1",5
"GO:0045621","positive regulation of lymphocyte differentiation","4/36","141/18860",0.0283687943262411,14.8620961386919,7.22523145987039,0.000146421973882521,0.00381957283527444,0.0022334100971699,"CCL19/CD27/EGR3/TGFBR2",4
"GO:0014706","striated muscle tissue development","6/36","430/18860",0.013953488372093,7.31007751937985,5.78843123458979,0.000147925653158027,0.00381957283527444,0.0022334100971699,"BMP2/CDK5/ERO1A/NEB/NPHS1/VEGFA",6
"GO:0050770","regulation of axonogenesis","4/36","145/18860",0.0275862068965517,14.4521072796935,7.11105489191252,0.00016306646694187,0.00414860276190346,0.00242580301441389,"ADCY10/CDK5/LIMK1/VEGFA",4
"GO:0007266","Rho protein signal transduction","4/36","147/18860",0.0272108843537415,14.2554799697657,7.05565017417465,0.000171882954095087,0.00430189005315565,0.00251543434200339,"CCL19/DLC1/LIMK1/P2RY8",4
"GO:0060828","regulation of canonical Wnt signaling pathway","5/36","278/18860",0.0179856115107914,9.4224620303757,6.18685382857317,0.000174064915445604,0.00430189005315565,0.00251543434200339,"BMP2/NPHP4/SOST/WNT11/WWTR1",5
"GO:0007178","cell surface receptor protein serine/threonine kinase signaling pathway","6/36","446/18860",0.0134529147982063,7.04783258594918,5.65259336196182,0.000180402453951541,0.00438022861432563,0.00256124106989165,"BMP2/ERO1A/LPXN/SOST/TGFBR2/WWTR1",6
"GO:2000107","negative regulation of leukocyte apoptotic process","3/36","58/18860",0.0517241379310345,27.0977011494253,8.70500148984233,0.000183358298416846,0.00438022861432563,0.00256124106989165,"ARG2/CCL19/CD27",3
"GO:0010975","regulation of neuron projection development","6/36","448/18860",0.0133928571428571,7.01636904761905,5.63608605730885,0.000184830455980215,0.00438022861432563,0.00256124106989165,"ADCY10/ARC/CDK5/LIMK1/NDNF/VEGFA",6
"GO:0060426","lung vasculature development","2/36","11/18860",0.181818181818182,95.2525252525252,13.6741331273226,0.000192740988475255,0.00445020951292167,0.00260216084083829,"BMP2/VEGFA",2
"GO:0072132","mesenchyme morphogenesis","3/36","59/18860",0.0508474576271186,26.638418079096,8.62544241032849,0.000192928158074639,0.00445020951292167,0.00260216084083829,"BMP2/TGFBR2/WNT11",3
"GO:1903039","positive regulation of leukocyte cell-cell adhesion","5/36","289/18860",0.0173010380622837,9.0638216070742,6.04125004536296,0.000208458919110075,0.00474518329026881,0.00277464018372274,"CCL19/CD27/EGR3/HAS2/TGFBR2",5
"GO:0001658","branching involved in ureteric bud morphogenesis","3/36","61/18860",0.0491803278688525,25.7650273224044,8.47209815222718,0.000213027692036792,0.00477375236543764,0.00279134531377279,"BMP2/DLG1/VEGFA",3
"GO:0051258","protein polymerization","5/36","291/18860",0.0171821305841924,9.00152730049637,6.01561108983598,0.000215232765609327,0.00477375236543764,0.00279134531377279,"ARHGAP28/DLG1/GBA2/NPHS1/TENM1",5
"GO:0045599","negative regulation of fat cell differentiation","3/36","62/18860",0.0483870967741935,25.3494623655914,8.39815763440903,0.000223566580766852,0.00489582512312221,0.00286272463846696,"BMP2/VEGFA/WWTR1",3
"GO:0051960","regulation of nervous system development","6/36","466/18860",0.0128755364806867,6.74535050071531,5.49194297600423,0.000228688085643139,0.00494537985203288,0.00289170066188232,"ADCY10/BMP2/CDK5/DLG1/LIMK1/VEGFA",6
"GO:0010718","positive regulation of epithelial to mesenchymal transition","3/36","63/18860",0.0476190476190476,24.9470899470899,8.32594184333593,0.000234437648003805,0.00500712507464916,0.00292780480482984,"BMP2/TGFBR2/WWTR1",3
"GO:0045667","regulation of osteoblast differentiation","4/36","161/18860",0.0248447204968944,13.015873015873,6.69597310820241,0.000243550846196306,0.00513832882828792,0.00300452327592619,"BMP2/SMOC1/VEGFA/WWTR1",4
"GO:0007043","cell-cell junction assembly","4/36","162/18860",0.0246913580246914,12.9355281207133,6.67200239372802,0.000249378431794126,0.00519788779522696,0.00303934905458662,"DLG1/NPHP4/NPHS1/WNT11",4
"GO:0048511","rhythmic process","5/36","302/18860",0.0165562913907285,8.67365710080942,5.87888410357661,0.000255546667462489,0.00526304446083459,0.00307744796280015,"CDK5/EGR3/HAS2/MMP19/TYRO3",5
"GO:0036302","atrioventricular canal development","2/36","13/18860",0.153846153846154,80.5982905982906,12.5547747605175,0.000272685757293818,0.00550576161083701,0.00321937140737108,"BMP2/HAS2",2
"GO:0048754","branching morphogenesis of an epithelial tube","4/36","166/18860",0.0240963855421687,12.623828647925,6.57819506525054,0.000273696819960684,0.00550576161083701,0.00321937140737108,"BMP2/DLG1/TGFBR2/VEGFA",4
"GO:0016055","Wnt signaling pathway","6/36","487/18860",0.0123203285420945,6.45448323066393,5.33313623077525,0.000289849106399074,0.00576366613874021,0.00337017533272245,"BMP2/NPHP4/ROR2/SOST/WNT11/WWTR1",6
"GO:0042698","ovulation cycle","3/36","68/18860",0.0441176470588235,23.1127450980392,7.98849996627261,0.00029393357714446,0.00577846691431722,0.0033788297564094,"HAS2/MMP19/TYRO3",3
"GO:0048645","animal organ formation","3/36","69/18860",0.0434782608695652,22.7777777777778,7.92533784452748,0.000306892086906551,0.00596543045335206,0.00348815251942277,"BMP2/TGFBR2/WNT11",3
"GO:1990138","neuron projection extension","4/36","174/18860",0.0229885057471264,12.0434227330779,6.39992334647795,0.000327383961213133,0.00629304725443022,0.00367971914299205,"ADCY10/CDK5/LIMK1/VEGFA",4
"GO:1902905","positive regulation of supramolecular fiber organization","4/36","176/18860",0.0227272727272727,11.9065656565657,6.35717323531878,0.000341905796666757,0.00649996734322516,0.00380071105375077,"DLG1/LIMK1/NPHS1/TENM1",4
"GO:0070830","bicellular tight junction assembly","3/36","74/18860",0.0405405405405405,21.2387387387387,7.62845815956399,0.000377222029349104,0.00709341424754294,0.00414771590622985,"DLG1/NPHP4/WNT11",3
"GO:0008361","regulation of cell size","4/36","182/18860",0.021978021978022,11.5140415140415,6.23296688416263,0.000388244089080398,0.0072221749904203,0.00422300588122538,"ADCY10/CDK5/LIMK1/VEGFA",4
"GO:0060070","canonical Wnt signaling pathway","5/36","333/18860",0.015015015015015,7.8661995328662,5.52828735926343,0.00040043196366487,0.00736965209723645,0.00430923983294446,"BMP2/NPHP4/SOST/WNT11/WWTR1",5
"GO:0050772","positive regulation of axonogenesis","3/36","78/18860",0.0384615384615385,20.1495726495727,7.41122662000482,0.000440387571465933,0.00801968945932699,0.00468933469450152,"ADCY10/LIMK1/VEGFA",3
"GO:0045669","positive regulation of osteoblast differentiation","3/36","79/18860",0.0379746835443038,19.8945147679325,7.35943639319634,0.000457172567080906,0.008139914146104,0.0047596334009163,"BMP2/VEGFA/WWTR1",3
"GO:0022409","positive regulation of cell-cell adhesion","5/36","343/18860",0.0145772594752187,7.63686426951733,5.42474472609609,0.000458353547519715,0.008139914146104,0.0047596334009163,"CCL19/CD27/EGR3/HAS2/TGFBR2",5
"GO:0051495","positive regulation of cytoskeleton organization","4/36","191/18860",0.0209424083769634,10.9714950552647,6.05718805950874,0.000465950836214274,0.008139914146104,0.0047596334009163,"DLG1/LIMK1/NPHS1/TENM1",4
"GO:0001771","immunological synapse formation","2/36","17/18860",0.117647058823529,61.6339869281046,10.9375533896182,0.00047317346080485,0.008139914146104,0.0047596334009163,"CCL19/DLG1",2
"GO:0120192","tight junction assembly","3/36","80/18860",0.0375,19.6458333333333,7.30859036472513,0.000474363277729602,0.008139914146104,0.0047596334009163,"DLG1/NPHP4/WNT11",3
"GO:0042129","regulation of T cell proliferation","4/36","192/18860",0.0208333333333333,10.9143518518519,6.03838318874851,0.000475220421246534,0.008139914146104,0.0047596334009163,"ARG2/CCL19/DLG1/TGFBR2",4
"GO:0045580","regulation of T cell differentiation","4/36","194/18860",0.0206185567010309,10.8018327605956,6.00118680996014,0.000494153641020216,0.00838123332318602,0.00490073941197552,"CCL19/CD27/EGR3/TGFBR2",4
"GO:0001570","vasculogenesis","3/36","82/18860",0.0365853658536585,19.1666666666667,7.20961593502749,0.000509978180804133,0.00845328508624592,0.00494287007476868,"HAS2/TGFBR2/VEGFA",3
"GO:0001764","neuron migration","4/36","197/18860",0.0203045685279188,10.6373378454597,5.94639962539576,0.000523554609254741,0.00845328508624592,0.00494287007476868,"CDK5/NDNF/TYRO3/VEGFA",4
"GO:0043297","apical junction assembly","3/36","83/18860",0.036144578313253,18.9357429718875,7.16143308383058,0.000528410477818142,0.00845328508624592,0.00494287007476868,"DLG1/NPHP4/WNT11",3
"GO:0048844","artery morphogenesis","3/36","83/18860",0.036144578313253,18.9357429718875,7.16143308383058,0.000528410477818142,0.00845328508624592,0.00494287007476868,"TGFBR2/VEGFA/WNT11",3
"GO:0003128","heart field specification","2/36","18/18860",0.111111111111111,58.2098765432099,10.6193610555635,0.000531681379275803,0.00845328508624592,0.00494287007476868,"BMP2/WNT11",2
"GO:0030111","regulation of Wnt signaling pathway","5/36","356/18860",0.0140449438202247,7.35799001248439,5.29622776862254,0.000542871136009558,0.00845328508624592,0.00494287007476868,"BMP2/NPHP4/SOST/WNT11/WWTR1",5
"GO:0061138","morphogenesis of a branching epithelium","4/36","199/18860",0.0201005025125628,10.5304299274149,5.9105268950318,0.000543835166146321,0.00845328508624592,0.00494287007476868,"BMP2/DLG1/TGFBR2/VEGFA",4
"GO:1902107","positive regulation of leukocyte differentiation","4/36","199/18860",0.0201005025125628,10.5304299274149,5.9105268950318,0.000543835166146321,0.00845328508624592,0.00494287007476868,"CCL19/CD27/EGR3/TGFBR2",4
"GO:1903708","positive regulation of hemopoiesis","4/36","199/18860",0.0201005025125628,10.5304299274149,5.9105268950318,0.000543835166146321,0.00845328508624592,0.00494287007476868,"CCL19/CD27/EGR3/TGFBR2",4
"GO:0003151","outflow tract morphogenesis","3/36","84/18860",0.0357142857142857,18.7103174603175,7.11408540072798,0.000547264699225169,0.00845328508624592,0.00494287007476868,"TGFBR2/VEGFA/WNT11",3
"GO:0030324","lung development","4/36","203/18860",0.0197044334975369,10.3229337712096,5.84028896776747,0.000586066714935681,0.0088966744153713,0.00520213210415079,"BMP2/TGFBR2/VEGFA/WNT11",4
"GO:2000514","regulation of CD4-positive, alpha-beta T cell activation","3/36","86/18860",0.0348837209302326,18.2751937984496,7.02179862764005,0.000586254845868398,0.0088966744153713,0.00520213210415079,"ARG2/CCL19/TGFBR2",3
"GO:0061101","neuroendocrine cell differentiation","2/36","19/18860",0.105263157894737,55.1461988304094,10.3263638400541,0.000593519153306381,0.00892859248017425,0.00522079548125796,"BMP2/WNT11",2
"GO:0120193","tight junction organization","3/36","88/18860",0.0340909090909091,17.8598484848485,6.93257144965486,0.000626980230860247,0.00932400446537296,0.00545200382794245,"DLG1/NPHP4/WNT11",3
"GO:0030323","respiratory tube development","4/36","207/18860",0.0193236714975845,10.1234567901235,5.77198070570915,0.000630582960952969,0.00932400446537296,0.00545200382794245,"BMP2/TGFBR2/VEGFA/WNT11",4
"GO:0031334","positive regulation of protein-containing complex assembly","4/36","210/18860",0.019047619047619,9.97883597883598,5.72196096836875,0.00066551107863811,0.00973266110535163,0.00569095669135559,"DLG1/NPHS1/TENM1/VEGFA",4
"GO:0035418","protein localization to synapse","3/36","90/18860",0.0333333333333333,17.462962962963,6.84623406529862,0.000669472064472164,0.00973266110535163,0.00569095669135559,"CDK5/DLG1/NPHS1",3
"GO:0051651","maintenance of location in cell","4/36","212/18860",0.0188679245283019,9.88469601677149,5.68917112445229,0.000689546521870919,0.00988516344034806,0.0057801290332671,"CCL19/CDK5/ERO1A/F2RL3",4
"GO:0032273","positive regulation of protein polymerization","3/36","91/18860",0.032967032967033,17.2710622710623,6.80409955989599,0.000691390044093708,0.00988516344034806,0.0057801290332671,"DLG1/NPHS1/TENM1",3
"GO:0050767","regulation of neurogenesis","5/36","378/18860",0.0132275132275132,6.92974720752499,5.09286565170435,0.000712044105577778,0.00996413207356923,0.00582630418174629,"ADCY10/BMP2/CDK5/LIMK1/VEGFA",5
"GO:0060021","roof of mouth development","3/36","92/18860",0.0326086956521739,17.0833333333333,6.76262962689015,0.000713761159998562,0.00996413207356923,0.00582630418174629,"DLG1/TGFBR2/WNT11",3
"GO:0001763","morphogenesis of a branching structure","4/36","214/18860",0.0186915887850467,9.79231568016615,5.65681457136707,0.000714192125504384,0.00996413207356923,0.00582630418174629,"BMP2/DLG1/TGFBR2/VEGFA",4
"GO:0031032","actomyosin structure organization","4/36","215/18860",0.0186046511627907,9.74677002583979,5.64079566184238,0.000726746456170695,0.0100581709534024,0.00588129132109506,"ARHGAP28/DLC1/LIMK1/NEB",4
"GO:0106027","neuron projection organization","3/36","93/18860",0.032258064516129,16.8996415770609,6.72180648015392,0.000736589202290362,0.0101134866663677,0.0059136359515542,"ADCY10/ARC/CDK5",3
"GO:0022408","negative regulation of cell-cell adhesion","4/36","220/18860",0.0181818181818182,9.52525252525252,5.56224689146106,0.00079187696780595,0.0107137911521836,0.00626465062199477,"ARG2/BMP2/DLG1/VEGFA",4
"GO:0035739","CD4-positive, alpha-beta T cell proliferation","2/36","22/18860",0.0909090909090909,47.6262626262626,9.56927803635446,0.000798889629266867,0.0107137911521836,0.00626465062199477,"ARG2/TGFBR2",2
"GO:2000561","regulation of CD4-positive, alpha-beta T cell proliferation","2/36","22/18860",0.0909090909090909,47.6262626262626,9.56927803635446,0.000798889629266867,0.0107137911521836,0.00626465062199477,"ARG2/TGFBR2",2
"GO:2000106","regulation of leukocyte apoptotic process","3/36","97/18860",0.0309278350515464,16.2027491408935,6.56464855583861,0.000832545583359005,0.0109991239077325,0.00643149259223055,"ARG2/CCL19/CD27",3
"GO:0051235","maintenance of location","4/36","223/18860",0.0179372197309417,9.3971101145989,5.51631300447631,0.000832881636943904,0.0109991239077325,0.00643149259223055,"CCL19/CDK5/ERO1A/F2RL3",4
"GO:0042098","T cell proliferation","4/36","224/18860",0.0178571428571429,9.35515873015873,5.50119433141218,0.000846877474768412,0.0110734751004503,0.00647496779527395,"ARG2/CCL19/DLG1/TGFBR2",4
"GO:0021954","central nervous system neuron development","3/36","98/18860",0.0306122448979592,16.0374149659864,6.52681465611398,0.000857714256335457,0.0110734751004503,0.00647496779527395,"CDK5/GBA2/NDNF",3
"GO:0051492","regulation of stress fiber assembly","3/36","98/18860",0.0306122448979592,16.0374149659864,6.52681465611398,0.000857714256335457,0.0110734751004503,0.00647496779527395,"ARHGAP28/DLC1/LIMK1",3
"GO:0002577","regulation of antigen processing and presentation","2/36","23/18860",0.0869565217391304,45.5555555555556,9.35006297268513,0.000873925007068443,0.0111991871276178,0.00654847510169804,"CCL19/CTSS",2
"GO:0045619","regulation of lymphocyte differentiation","4/36","227/18860",0.0176211453744493,9.23152227116985,5.45640147582508,0.000889863147036217,0.0113195826792107,0.00661887371750623,"CCL19/CD27/EGR3/TGFBR2",4
"GO:0060395","SMAD protein signal transduction","3/36","100/18860",0.03,15.7166666666667,6.45279190328633,0.000909492692742993,0.0114848347331779,0.00671550117346152,"BMP2/TGFBR2/WWTR1",3
"GO:0010810","regulation of cell-substrate adhesion","4/36","230/18860",0.0173913043478261,9.11111111111111,5.41243214622928,0.00093436905095696,0.0116011057823478,0.0067834880783914,"DLC1/HAS2/NDNF/VEGFA",4
"GO:0034446","substrate adhesion-dependent cell spreading","3/36","101/18860",0.0297029702970297,15.5610561056106,6.41657602150748,0.000936109673883649,0.0116011057823478,0.0067834880783914,"HAS2/LPXN/TYRO3",3
"GO:0060541","respiratory system development","4/36","231/18860",0.0173160173160173,9.07166907166907,5.39795413578565,0.000949547294503767,0.0116011057823478,0.0067834880783914,"BMP2/TGFBR2/VEGFA/WNT11",4
"GO:0035162","embryonic hemopoiesis","2/36","24/18860",0.0833333333333333,43.6574074074074,9.14450833907538,0.000952229491961498,0.0116011057823478,0.0067834880783914,"TGFBR2/VEGFA",2
"GO:0061042","vascular wound healing","2/36","24/18860",0.0833333333333333,43.6574074074074,9.14450833907538,0.000952229491961498,0.0116011057823478,0.0067834880783914,"NDNF/VEGFA",2
"GO:0048705","skeletal system morphogenesis","4/36","232/18860",0.0172413793103448,9.03256704980843,5.38356375758337,0.000964898836266238,0.0116732516555286,0.00682567376998053,"DLG1/HAS2/TGFBR2/VEGFA",4
"GO:0050769","positive regulation of neurogenesis","4/36","235/18860",0.0170212765957447,8.91725768321513,5.34090919372622,0.00101200421845987,0.0121581062356637,0.00710918168084746,"ADCY10/BMP2/LIMK1/VEGFA",4
"GO:0070233","negative regulation of T cell apoptotic process","2/36","25/18860",0.08,41.9111111111111,8.95123770793186,0.00103379103045629,0.0122802701753675,0.0071806143221954,"ARG2/CD27",2
"GO:0141091","transforming growth factor beta receptor superfamily signaling pathway","5/36","411/18860",0.0121654501216545,6.37334414706678,4.81652452314738,0.00103636962173621,0.0122802701753675,0.0071806143221954,"BMP2/ERO1A/LPXN/SOST/TGFBR2",5
"GO:0015931","nucleobase-containing compound transport","4/36","241/18860",0.016597510373444,8.69525126786538,5.25784493872306,0.00111104214206071,0.0130754989842079,0.0076456066466832,"ADCY10/ARC/NDC1/TGFBR2",4
"GO:0007263","nitric oxide mediated signal transduction","2/36","26/18860",0.0769230769230769,40.2991452991453,8.76906157599851,0.00111859760096114,0.0130754989842079,0.0076456066466832,"NDNF/VEGFA",2
"GO:0030900","forebrain development","5/36","419/18860",0.0119331742243437,6.25165738530894,4.75407234568216,0.00112930181992334,0.0131120278420629,0.00766696608227713,"BMP2/CDK5/DLC1/NDNF/TYRO3",5
"GO:0110020","regulation of actomyosin structure organization","3/36","109/18860",0.0275229357798165,14.4189602446483,6.14432984576336,0.00116697883033182,0.0134591558431603,0.00786994144525527,"ARHGAP28/DLC1/LIMK1",3
"GO:0021953","central nervous system neuron differentiation","4/36","245/18860",0.0163265306122449,8.55328798185941,5.2040587248494,0.00118073822537895,0.0135276631119575,0.00790999954401654,"BMP2/CDK5/GBA2/NDNF",4
"GO:0003181","atrioventricular valve morphogenesis","2/36","27/18860",0.0740740740740741,38.8065843621399,8.59694592868552,0.00120663721370994,0.0137334367086724,0.0080303210690807,"BMP2/TGFBR2",2
"GO:0032231","regulation of actin filament bundle assembly","3/36","112/18860",0.0267857142857143,14.0327380952381,6.04953272332028,0.00126200228753039,0.0142696990681541,0.00834388853331065,"ARHGAP28/DLC1/LIMK1",3
"GO:0001654","eye development","5/36","432/18860",0.0115740740740741,6.06352880658436,4.65597543400968,0.00129337196963915,0.0144862153902793,0.00847049162765952,"DLG1/NPHP4/SMOC1/TGFBR2/VEGFA",5
"GO:0003272","endocardial cushion formation","2/36","28/18860",0.0714285714285714,37.4206349206349,8.4339870347355,0.00129789791068977,0.0144862153902793,0.00847049162765952,"BMP2/TGFBR2",2
"GO:0150063","visual system development","5/36","436/18860",0.0114678899082569,6.0079001019368,4.62659583616632,0.00134724210227565,0.014861451046756,0.00868990231574841,"DLG1/NPHP4/SMOC1/TGFBR2/VEGFA",5
"GO:0050670","regulation of lymphocyte proliferation","4/36","254/18860",0.015748031496063,8.25021872265967,5.08740230013621,0.00134869815857843,0.014861451046756,0.00868990231574841,"ARG2/CCL19/DLG1/TGFBR2",4
"GO:0030038","contractile actin filament bundle assembly","3/36","116/18860",0.0258620689655172,13.5488505747126,5.92865840888016,0.00139610327234291,0.0151609705931585,0.00886503969578664,"ARHGAP28/DLC1/LIMK1",3
"GO:0043149","stress fiber assembly","3/36","116/18860",0.0258620689655172,13.5488505747126,5.92865840888016,0.00139610327234291,0.0151609705931585,0.00886503969578664,"ARHGAP28/DLC1/LIMK1",3
"GO:0002573","myeloid leukocyte differentiation","4/36","257/18860",0.0155642023346304,8.15391266753134,5.049790097034,0.00140821894776731,0.0151609705931585,0.00886503969578664,"BMP2/CCL19/TGFBR2/VEGFA",4
"GO:0030098","lymphocyte differentiation","5/36","441/18860",0.0113378684807256,5.9397833207357,4.59038163861186,0.00141690065523016,0.0151609705931585,0.00886503969578664,"CCL19/CD27/EGR3/TGFBR2/TYRO3",5
"GO:0007179","transforming growth factor beta receptor signaling pathway","4/36","258/18860",0.0155038759689922,8.1223083548665,5.03738829513804,0.00142846139114731,0.0151609705931585,0.00886503969578664,"BMP2/ERO1A/LPXN/TGFBR2",4
"GO:0032944","regulation of mononuclear cell proliferation","4/36","258/18860",0.0155038759689922,8.1223083548665,5.03738829513804,0.00142846139114731,0.0151609705931585,0.00886503969578664,"ARG2/CCL19/DLG1/TGFBR2",4
"GO:0048880","sensory system development","5/36","443/18860",0.0112866817155756,5.91296714321545,4.5760514876971,0.00144549858700974,0.0151915677349285,0.00888293069258671,"DLG1/NPHP4/SMOC1/TGFBR2/VEGFA",5
"GO:0045444","fat cell differentiation","4/36","259/18860",0.0154440154440154,8.09094809094809,5.02505321612919,0.00144890674928508,0.0151915677349285,0.00888293069258671,"BMP2/ERO1A/VEGFA/WWTR1",4
"GO:0060840","artery development","3/36","119/18860",0.0252100840336134,13.2072829131653,5.84185446891698,0.00150234542737573,0.0156569734298796,0.00915506630125603,"TGFBR2/VEGFA/WNT11",3
"GO:0043523","regulation of neuron apoptotic process","4/36","264/18860",0.0151515151515152,7.93771043771044,4.96435680073127,0.00155421554266723,0.0161005562204449,0.00941444145290392,"ADCY10/CDK5/NDNF/TYRO3",4
"GO:0003171","atrioventricular valve development","2/36","31/18860",0.0645161290322581,33.7992831541219,7.99256533029983,0.00159088740166864,0.0163823524100401,0.00957921549500978,"BMP2/TGFBR2",2
"GO:0050870","positive regulation of T cell activation","4/36","267/18860",0.0149812734082397,7.84852267998335,4.92870038124177,0.00161990575454544,0.0165824671915007,0.00969622815395933,"CCL19/CD27/EGR3/TGFBR2",4
"GO:0046634","regulation of alpha-beta T cell activation","3/36","124/18860",0.0241935483870968,12.6747311827957,5.70392644918577,0.00169046302061677,0.0172029472098059,0.0100590400174162,"ARG2/CCL19/TGFBR2",3
"GO:0071887","leukocyte apoptotic process","3/36","125/18860",0.024,12.5733333333333,5.67729214737517,0.00172977158515744,0.0173982839669905,0.0101732588331475,"ARG2/CCL19/CD27",3
"GO:1902414","protein localization to cell junction","3/36","125/18860",0.024,12.5733333333333,5.67729214737517,0.00172977158515744,0.0173982839669905,0.0101732588331475,"CDK5/DLG1/NPHS1",3
"GO:0046660","female sex differentiation","3/36","126/18860",0.0238095238095238,12.473544973545,5.65096035520901,0.00176964894905613,0.0175947855279719,0.0102881587419416,"MMP19/TYRO3/VEGFA",3
"GO:0048259","regulation of receptor-mediated endocytosis","3/36","126/18860",0.0238095238095238,12.473544973545,5.65096035520901,0.00176964894905613,0.0175947855279719,0.0102881587419416,"ARC/CCL19/VEGFA",3
"GO:0035767","endothelial cell chemotaxis","2/36","33/18860",0.0606060606060606,31.7508417508418,7.73175422832541,0.00180210134223921,0.0177138370572377,0.0103577714706452,"EGR3/VEGFA",2
"GO:0060055","angiogenesis involved in wound healing","2/36","33/18860",0.0606060606060606,31.7508417508418,7.73175422832541,0.00180210134223921,0.0177138370572377,0.0103577714706452,"NDNF/VEGFA",2
"GO:0030278","regulation of ossification","3/36","128/18860",0.0234375,12.2786458333333,5.59918082457823,0.0018511220807834,0.0180928881342106,0.0105794131408436,"ADCY10/BMP2/SOST",3
"GO:0051497","negative regulation of stress fiber assembly","2/36","34/18860",0.0588235294117647,30.8169934640523,7.60989921469067,0.00191243919543258,0.0184833508832311,0.0108077275319653,"ARHGAP28/DLC1",2
"GO:0060914","heart formation","2/36","34/18860",0.0588235294117647,30.8169934640523,7.60989921469067,0.00191243919543258,0.0184833508832311,0.0108077275319653,"BMP2/WNT11",2
"GO:0043410","positive regulation of MAPK cascade","5/36","474/18860",0.0105485232067511,5.52625410220347,4.364546229615,0.0019456195211575,0.0186995653977916,0.0109341541510664,"BMP2/CCL19/CD27/TENM1/VEGFA",5
"GO:0010464","regulation of mesenchymal cell proliferation","2/36","35/18860",0.0571428571428571,29.9365079365079,7.49319910361598,0.00202591530980879,0.0192883540482528,0.011278435193411,"TGFBR2/WNT11",2
"GO:0070663","regulation of leukocyte proliferation","4/36","284/18860",0.0140845070422535,7.37871674491393,4.73664688599287,0.00202917944322659,0.0192883540482528,0.011278435193411,"ARG2/CCL19/DLG1/TGFBR2",4
"GO:0010811","positive regulation of cell-substrate adhesion","3/36","133/18860",0.0225563909774436,11.8170426065163,5.47463133848785,0.00206496674545283,0.0194151764653989,0.0113525917756303,"HAS2/NDNF/VEGFA",3
"GO:0051209","release of sequestered calcium ion into cytosol","3/36","133/18860",0.0225563909774436,11.8170426065163,5.47463133848785,0.00206496674545283,0.0194151764653989,0.0113525917756303,"CCL19/ERO1A/F2RL3",3
"GO:0003206","cardiac chamber morphogenesis","3/36","134/18860",0.0223880597014925,11.728855721393,5.45051975782155,0.00210950094844465,0.019620627101125,0.0114727244564534,"BMP2/TGFBR2/WNT11",3
"GO:0051283","negative regulation of sequestering of calcium ion","3/36","134/18860",0.0223880597014925,11.728855721393,5.45051975782155,0.00210950094844465,0.019620627101125,0.0114727244564534,"CCL19/ERO1A/F2RL3",3
"GO:0048706","embryonic skeletal system development","3/36","136/18860",0.0220588235294118,11.5563725490196,5.40305601711777,0.00220035744262674,0.020247970083746,0.0118395492853544,"DLG1/TGFBR2/WNT11",3
"GO:0051282","regulation of sequestering of calcium ion","3/36","136/18860",0.0220588235294118,11.5563725490196,5.40305601711777,0.00220035744262674,0.020247970083746,0.0118395492853544,"CCL19/ERO1A/F2RL3",3
"GO:0051962","positive regulation of nervous system development","4/36","291/18860",0.013745704467354,7.2012218403971,4.6621273005357,0.00221681955256623,0.0202915228885692,0.011865015817411,"ADCY10/BMP2/LIMK1/VEGFA",4
"GO:0055007","cardiac muscle cell differentiation","3/36","137/18860",0.0218978102189781,11.4720194647202,5.37969469132469,0.00224668534395935,0.0204566612897351,0.0119615768174235,"BMP2/NEB/VEGFA",3
"GO:0003230","cardiac atrium development","2/36","37/18860",0.0540540540540541,28.3183183183183,7.27386146957111,0.00226223552692006,0.0204904055579671,0.0119813080262892,"BMP2/WNT11",2
"GO:0035710","CD4-positive, alpha-beta T cell activation","3/36","138/18860",0.0217391304347826,11.3888888888889,5.35657447799731,0.00229361672018277,0.0206664423224801,0.0120842416014015,"ARG2/CCL19/TGFBR2",3
"GO:0010092","specification of animal organ identity","2/36","38/18860",0.0526315789473684,27.5730994152047,7.1706041748252,0.00238505630976096,0.0210892374406786,0.0123314616248811,"BMP2/WNT11",2
"GO:0070229","negative regulation of lymphocyte apoptotic process","2/36","38/18860",0.0526315789473684,27.5730994152047,7.1706041748252,0.00238505630976096,0.0210892374406786,0.0123314616248811,"ARG2/CD27",2
"GO:0086004","regulation of cardiac muscle cell contraction","2/36","38/18860",0.0526315789473684,27.5730994152047,7.1706041748252,0.00238505630976096,0.0210892374406786,0.0123314616248811,"ADCY10/DLG1",2
"GO:0051208","sequestering of calcium ion","3/36","140/18860",0.0214285714285714,11.2261904761905,5.31104030145583,0.00238930088923295,0.0210892374406786,0.0123314616248811,"CCL19/ERO1A/F2RL3",3
"GO:0016049","cell growth","5/36","499/18860",0.0100200400801603,5.24938766421732,4.20710241071267,0.00243349200787729,0.0213702597646077,0.0124957831662841,"ADCY10/CDK5/LIMK1/TGFBR2/VEGFA",5
"GO:0001569","branching involved in blood vessel morphogenesis","2/36","39/18860",0.0512820512820513,26.8660968660969,7.0712546828014,0.00251096871385474,0.0218290244973302,0.0127640356202825,"TGFBR2/VEGFA",2
"GO:0032232","negative regulation of actin filament bundle assembly","2/36","39/18860",0.0512820512820513,26.8660968660969,7.0712546828014,0.00251096871385474,0.0218290244973302,0.0127640356202825,"ARHGAP28/DLC1",2
"GO:0070372","regulation of ERK1 and ERK2 cascade","4/36","303/18860",0.0132013201320132,6.91602493582692,4.53996024398632,0.00256590100842681,0.0221950437228919,0.0129780572057798,"BMP2/CCL19/DLG1/VEGFA",4
"GO:0003203","endocardial cushion morphogenesis","2/36","41/18860",0.0487804878048781,25.5555555555556,6.88332134734703,0.0027720220863676,0.0238586975592833,0.0139508417124863,"BMP2/TGFBR2",2
"GO:0045598","regulation of fat cell differentiation","3/36","148/18860",0.0202702702702703,10.6193693693694,5.13773829108642,0.00279671714086289,0.0239030392865967,0.0139767695493881,"BMP2/VEGFA/WWTR1",3
"GO:0051896","regulation of phosphatidylinositol 3-kinase/protein kinase B signal transduction","4/36","311/18860",0.0128617363344051,6.73812075741336,4.46215087969981,0.00281862428581834,0.0239030392865967,0.0139767695493881,"CCL19/DLG1/TYRO3/VEGFA",4
"GO:0071560","cellular response to transforming growth factor beta stimulus","4/36","311/18860",0.0128617363344051,6.73812075741336,4.46215087969981,0.00281862428581834,0.0239030392865967,0.0139767695493881,"BMP2/ERO1A/LPXN/TGFBR2",4
"GO:0046651","lymphocyte proliferation","4/36","312/18860",0.0128205128205128,6.71652421652422,4.45261786586539,0.00285137304010362,0.0240628066311183,0.0140701899437205,"ARG2/CCL19/DLG1/TGFBR2",4
"GO:2000377","regulation of reactive oxygen species metabolic process","3/36","150/18860",0.02,10.4777777777778,5.09647479904089,0.00290484592179171,0.0242963872897189,0.0142067710285487,"ADCY10/ARG2/TGFBR2",3
"GO:0060391","positive regulation of SMAD protein signal transduction","2/36","42/18860",0.0476190476190476,24.9470899470899,6.79430880813974,0.00290713998206463,0.0242963872897189,0.0142067710285487,"BMP2/TGFBR2",2
"GO:0001666","response to hypoxia","4/36","317/18860",0.0126182965299685,6.61058534875569,4.4055732731679,0.00301905116738909,0.0245690652994904,0.0143662134181991,"BMP2/ERO1A/NDNF/VEGFA",4
"GO:0046640","regulation of alpha-beta T cell proliferation","2/36","43/18860",0.0465116279069767,24.3669250645995,6.70834245284427,0.00304530335342995,0.0245690652994904,0.0143662134181991,"ARG2/TGFBR2",2
"GO:0061001","regulation of dendritic spine morphogenesis","2/36","43/18860",0.0465116279069767,24.3669250645995,6.70834245284427,0.00304530335342995,0.0245690652994904,0.0143662134181991,"ARC/CDK5",2
"GO:0070232","regulation of T cell apoptotic process","2/36","43/18860",0.0465116279069767,24.3669250645995,6.70834245284427,0.00304530335342995,0.0245690652994904,0.0143662134181991,"ARG2/CD27",2
"GO:1903115","regulation of actin filament-based movement","2/36","43/18860",0.0465116279069767,24.3669250645995,6.70834245284427,0.00304530335342995,0.0245690652994904,0.0143662134181991,"ADCY10/DLG1",2
"GO:0048608","reproductive structure development","4/36","318/18860",0.0125786163522013,6.58979734451433,4.39628620798758,0.00305338094762452,0.0245690652994904,0.0143662134181991,"DLG1/MMP19/TYRO3/VEGFA",4
"GO:0051402","neuron apoptotic process","4/36","318/18860",0.0125786163522013,6.58979734451433,4.39628620798758,0.00305338094762452,0.0245690652994904,0.0143662134181991,"ADCY10/CDK5/NDNF/TYRO3",4
"GO:0071559","response to transforming growth factor beta","4/36","318/18860",0.0125786163522013,6.58979734451433,4.39628620798758,0.00305338094762452,0.0245690652994904,0.0143662134181991,"BMP2/ERO1A/LPXN/TGFBR2",4
"GO:0032943","mononuclear cell proliferation","4/36","319/18860",0.0125391849529781,6.56913967258795,4.38703902957718,0.0030879778671579,0.0247324153249221,0.0144617287053545,"ARG2/CCL19/DLG1/TGFBR2",4
"GO:0010562","positive regulation of phosphorus metabolic process","4/36","320/18860",0.0125,6.54861111111111,4.37783143145147,0.00312284296059472,0.0247821941368297,0.0144908357563087,"ADCY10/BMP2/TENM1/VEGFA",4
"GO:0045937","positive regulation of phosphate metabolic process","4/36","320/18860",0.0125,6.54861111111111,4.37783143145147,0.00312284296059472,0.0247821941368297,0.0144908357563087,"ADCY10/BMP2/TENM1/VEGFA",4
"GO:0051146","striated muscle cell differentiation","4/36","321/18860",0.0124610591900312,6.5282104534441,4.36866311044339,0.003157977261022,0.0249465783633245,0.0145869557694888,"BMP2/NEB/NPHS1/VEGFA",4
"GO:1900744","regulation of p38MAPK cascade","2/36","44/18860",0.0454545454545455,23.8131313131313,6.62524907141362,0.00318650074078139,0.0250574830979628,0.0146518048415833,"BMP2/DLG1",2
"GO:0061458","reproductive system development","4/36","323/18860",0.0123839009287926,6.48778809769522,4.3504431034263,0.00322905760751384,0.0252772382850631,0.014780301790049,"DLG1/MMP19/TYRO3/VEGFA",4
"GO:0003176","aortic valve development","2/36","45/18860",0.0444444444444444,23.283950617284,6.54486897292948,0.00333072071498238,0.025839223483944,0.0151089101113904,"BMP2/TGFBR2",2
"GO:0030574","collagen catabolic process","2/36","45/18860",0.0444444444444444,23.283950617284,6.54486897292948,0.00333072071498238,0.025839223483944,0.0151089101113904,"CTSS/MMP19",2
"GO:0071456","cellular response to hypoxia","3/36","159/18860",0.0188679245283019,9.88469601677149,4.91998007478858,0.00342327402695943,0.0264386788689277,0.0154594282890414,"ERO1A/NDNF/VEGFA",3
"GO:0060412","ventricular septum morphogenesis","2/36","46/18860",0.0434782608695652,22.7777777777778,6.46705465730425,0.00347795187737226,0.0265708944701854,0.0155367384154842,"TGFBR2/WNT11",2
"GO:0030217","T cell differentiation","4/36","330/18860",0.0121212121212121,6.35016835016835,4.28786725345064,0.00348646996805323,0.0265708944701854,0.0155367384154842,"CCL19/CD27/EGR3/TGFBR2",4
"GO:0036293","response to decreased oxygen levels","4/36","330/18860",0.0121212121212121,6.35016835016835,4.28786725345064,0.00348646996805323,0.0265708944701854,0.0155367384154842,"BMP2/ERO1A/NDNF/VEGFA",4
"GO:0070371","ERK1 and ERK2 cascade","4/36","331/18860",0.0120845921450151,6.33098355152736,4.27907572737676,0.00352435281353112,0.0267417998570563,0.0156366715318717,"BMP2/CCL19/DLG1/VEGFA",4
"GO:0048638","regulation of developmental growth","4/36","332/18860",0.0120481927710843,6.31191432396252,4.27032034990967,0.00356251612552759,0.0269133314286582,0.0157369707958263,"ADCY10/CDK5/LIMK1/VEGFA",4
"GO:0046633","alpha-beta T cell proliferation","2/36","47/18860",0.0425531914893617,22.2931442080378,6.39166964315376,0.00362818285969674,0.0271721053994605,0.0158882831085376,"ARG2/TGFBR2",2
"GO:0060563","neuroepithelial cell differentiation","2/36","47/18860",0.0425531914893617,22.2931442080378,6.39166964315376,0.00362818285969674,0.0271721053994605,0.0158882831085376,"BMP2/WNT11",2
"GO:0021575","hindbrain morphogenesis","2/36","48/18860",0.0416666666666667,21.8287037037037,6.31858743058993,0.00378140232403842,0.0281975259508037,0.0164878749246866,"CDK5/DLC1",2
"GO:0036294","cellular response to decreased oxygen levels","3/36","167/18860",0.0179640718562874,9.41117764471058,4.77452488835884,0.00392887741844991,0.0283835258564716,0.016596634224563,"ERO1A/NDNF/VEGFA",3
"GO:0050657","nucleic acid transport","3/36","167/18860",0.0179640718562874,9.41117764471058,4.77452488835884,0.00392887741844991,0.0283835258564716,0.016596634224563,"ARC/NDC1/TGFBR2",3
"GO:0050658","RNA transport","3/36","167/18860",0.0179640718562874,9.41117764471058,4.77452488835884,0.00392887741844991,0.0283835258564716,0.016596634224563,"ARC/NDC1/TGFBR2",3
"GO:0032881","regulation of polysaccharide metabolic process","2/36","49/18860",0.0408163265306122,21.3832199546485,6.24769058095147,0.00393759896274751,0.0283835258564716,0.016596634224563,"ADCY10/HAS2",2
"GO:0097028","dendritic cell differentiation","2/36","49/18860",0.0408163265306122,21.3832199546485,6.24769058095147,0.00393759896274751,0.0283835258564716,0.016596634224563,"CCL19/TGFBR2",2
"GO:1903426","regulation of reactive oxygen species biosynthetic process","2/36","49/18860",0.0408163265306122,21.3832199546485,6.24769058095147,0.00393759896274751,0.0283835258564716,0.016596634224563,"ADCY10/ARG2",2
"GO:1905314","semi-lunar valve development","2/36","49/18860",0.0408163265306122,21.3832199546485,6.24769058095147,0.00393759896274751,0.0283835258564716,0.016596634224563,"BMP2/TGFBR2",2
"GO:2000516","positive regulation of CD4-positive, alpha-beta T cell activation","2/36","49/18860",0.0408163265306122,21.3832199546485,6.24769058095147,0.00393759896274751,0.0283835258564716,0.016596634224563,"CCL19/TGFBR2",2
"GO:0030307","positive regulation of cell growth","3/36","168/18860",0.0178571428571429,9.35515873015873,4.75703211324787,0.00399510291612503,0.0286029910069444,0.0167249615805741,"ADCY10/LIMK1/VEGFA",3
"GO:1902105","regulation of leukocyte differentiation","4/36","343/18860",0.0116618075801749,6.10949141561386,4.17632265544287,0.00400111203680957,0.0286029910069444,0.0167249615805741,"CCL19/CD27/EGR3/TGFBR2",4
"GO:0051017","actin filament bundle assembly","3/36","169/18860",0.0177514792899408,9.29980276134122,4.73968499517947,0.0040620079841614,0.0288072538475744,0.0168443997246845,"ARHGAP28/DLC1/LIMK1",3
"GO:0010634","positive regulation of epithelial cell migration","2/36","50/18860",0.04,20.9555555555556,6.1788698982007,0.00409676149837271,0.0288072538475744,0.0168443997246845,"HAS2/TGFBR2",2
"GO:0035850","epithelial cell differentiation involved in kidney development","2/36","50/18860",0.04,20.9555555555556,6.1788698982007,0.00409676149837271,0.0288072538475744,0.0168443997246845,"NPHS1/WWTR1",2
"GO:0045197","establishment or maintenance of epithelial cell apical/basal polarity","2/36","50/18860",0.04,20.9555555555556,6.1788698982007,0.00409676149837271,0.0288072538475744,0.0168443997246845,"DLG1/WNT11",2
"GO:0051251","positive regulation of lymphocyte activation","4/36","346/18860",0.0115606936416185,6.05651894669236,4.15139618733817,0.0041268160022799,0.0288072538475744,0.0168443997246845,"CCL19/CD27/EGR3/TGFBR2",4
"GO:0051236","establishment of RNA localization","3/36","170/18860",0.0176470588235294,9.24509803921569,4.72248141641401,0.00412959477121298,0.0288072538475744,0.0168443997246845,"ARC/NDC1/TGFBR2",3
"GO:0035051","cardiocyte differentiation","3/36","172/18860",0.0174418604651163,9.13759689922481,4.68849662052327,0.00426682200541062,0.0296449882303629,0.017334246236312,"BMP2/NEB/VEGFA",3
"GO:0061572","actin filament bundle organization","3/36","173/18860",0.0173410404624277,9.08477842003854,4.67171137926242,0.00433646665851023,0.0300083492768908,0.0175467135108561,"ARHGAP28/DLC1/LIMK1",3
"GO:0048639","positive regulation of developmental growth","3/36","174/18860",0.0172413793103448,9.03256704980843,4.65506162688482,0.00440680144267334,0.0303735716965134,0.0177602691818372,"ADCY10/LIMK1/VEGFA",3
"GO:0043491","phosphatidylinositol 3-kinase/protein kinase B signal transduction","4/36","354/18860",0.0112994350282486,5.91964846202134,4.08633574484732,0.00447510011314701,0.0307219174434299,0.0179639565945458,"CCL19/DLG1/TYRO3/VEGFA",4
"GO:0003205","cardiac chamber development","3/36","176/18860",0.0170454545454545,8.92992424242424,4.62216097527433,0.00454954961710798,0.0310935821081387,0.0181812792247772,"BMP2/TGFBR2/WNT11",3
"GO:0070661","leukocyte proliferation","4/36","356/18860",0.0112359550561798,5.88639200998752,4.07038152008024,0.00456518488755331,0.0310935821081387,0.0181812792247772,"ARG2/CCL19/DLG1/TGFBR2",4
"GO:0003197","endocardial cushion development","2/36","53/18860",0.0377358490566038,19.769392033543,5.98388173434594,0.00459193216376097,0.0311128522541612,0.0181925470132333,"BMP2/TGFBR2",2
"GO:0070482","response to oxygen levels","4/36","357/18860",0.0112044817927171,5.86990351696234,4.06244986361539,0.00461068469197108,0.0311128522541612,0.0181925470132333,"BMP2/ERO1A/NDNF/VEGFA",4
"GO:0030856","regulation of epithelial cell differentiation","3/36","177/18860",0.0169491525423729,8.87947269303202,4.60590636300747,0.00462196706897076,0.0311128522541612,0.0181925470132333,"BMP2/VEGFA/WWTR1",3
"GO:0048260","positive regulation of receptor-mediated endocytosis","2/36","54/18860",0.037037037037037,19.40329218107,5.92241462533688,0.00476284611409496,0.0319369138658306,0.0186743986766432,"CCL19/VEGFA",2
"GO:0035088","establishment or maintenance of apical/basal cell polarity","2/36","55/18860",0.0363636363636364,19.050505050505,5.86257831588482,0.00493667002465559,0.0327219890523148,0.0191334538967293,"DLG1/WNT11",2
"GO:0042461","photoreceptor cell development","2/36","55/18860",0.0363636363636364,19.050505050505,5.86257831588482,0.00493667002465559,0.0327219890523148,0.0191334538967293,"NPHP4/VEGFA",2
"GO:0061245","establishment or maintenance of bipolar cell polarity","2/36","55/18860",0.0363636363636364,19.050505050505,5.86257831588482,0.00493667002465559,0.0327219890523148,0.0191334538967293,"DLG1/WNT11",2
"GO:0007519","skeletal muscle tissue development","3/36","183/18860",0.0163934426229508,8.58834244080146,4.51100730299767,0.00507120402276341,0.0332317536340178,0.0194315273758996,"CDK5/ERO1A/NPHS1",3
"GO:0051250","negative regulation of lymphocyte activation","3/36","183/18860",0.0163934426229508,8.58834244080146,4.51100730299767,0.00507120402276341,0.0332317536340178,0.0194315273758996,"ARG2/DLG1/TYRO3",3
"GO:0071453","cellular response to oxygen levels","3/36","183/18860",0.0163934426229508,8.58834244080146,4.51100730299767,0.00507120402276341,0.0332317536340178,0.0194315273758996,"ERO1A/NDNF/VEGFA",3
"GO:0045778","positive regulation of ossification","2/36","56/18860",0.0357142857142857,18.7103174603175,5.80430014230528,0.00511339279773835,0.0333817718493862,0.0195192471842167,"ADCY10/BMP2",2
"GO:0046638","positive regulation of alpha-beta T cell differentiation","2/36","57/18860",0.0350877192982456,18.3820662768031,5.74751191014902,0.00529300336535718,0.034424420383714,0.0201289126794945,"CCL19/TGFBR2",2
"GO:0007254","JNK cascade","3/36","188/18860",0.0159574468085106,8.35992907801418,4.43518518829305,0.0054650720966942,0.0352141222761164,0.0205906732627611,"CCL19/CD27/NPHS1",3
"GO:0060997","dendritic spine morphogenesis","2/36","58/18860",0.0344827586206897,18.0651340996169,5.69214954646667,0.00547549068917648,0.0352141222761164,0.0205906732627611,"ARC/CDK5",2
"GO:0086009","membrane repolarization","2/36","58/18860",0.0344827586206897,18.0651340996169,5.69214954646667,0.00547549068917648,0.0352141222761164,0.0205906732627611,"ADCY10/DLG1",2
"GO:0061005","cell differentiation involved in kidney development","2/36","59/18860",0.0338983050847458,17.758945386064,5.63815278459771,0.00566084376044321,0.0362713322428398,0.0212088532311342,"NPHS1/WWTR1",2
"GO:0043010","camera-type eye development","4/36","379/18860",0.0105540897097625,5.52917033128115,3.89520347329695,0.00569084888569172,0.0363290353219434,0.0212425938207409,"DLG1/NPHP4/TGFBR2/VEGFA",4
"GO:0002696","positive regulation of leukocyte activation","4/36","381/18860",0.010498687664042,5.50014581510645,3.88064990875062,0.00579674421646752,0.036868998141503,0.0215583250465375,"CCL19/CD27/EGR3/TGFBR2",4
"GO:0043270","positive regulation of monoatomic ion transport","3/36","194/18860",0.0154639175257732,8.10137457044674,4.34782723248193,0.00596146388082107,0.0377777747758991,0.0220897119316331,"CTSS/DLG1/F2RL3",3
"GO:0070231","T cell apoptotic process","2/36","61/18860",0.0327868852459016,17.1766848816029,5.53403233965355,0.00604010325781352,0.0380394889670211,0.0222427434726543,"ARG2/CD27",2
"GO:0097553","calcium ion transmembrane import into cytosol","3/36","195/18860",0.0153846153846154,8.05982905982906,4.33363288023064,0.00604673957568255,0.0380394889670211,0.0222427434726543,"CCL19/ERO1A/F2RL3",3
"GO:0060538","skeletal muscle organ development","3/36","197/18860",0.0152284263959391,7.97800338409475,4.30554551210841,0.00621948670814761,0.038655193253502,0.0226027628333529,"CDK5/ERO1A/NPHS1",3
"GO:0050878","regulation of body fluid levels","4/36","389/18860",0.0102827763496144,5.38703227649243,3.82344678206423,0.00623355103312894,0.038655193253502,0.0226027628333529,"F2RL3/HAS2/TYRO3/VEGFA",4
"GO:0001541","ovarian follicle development","2/36","62/18860",0.032258064516129,16.8996415770609,5.48380470541525,0.00623398781371507,0.038655193253502,0.0226027628333529,"MMP19/VEGFA",2
"GO:0007632","visual behavior","2/36","62/18860",0.032258064516129,16.8996415770609,5.48380470541525,0.00623398781371507,0.038655193253502,0.0226027628333529,"CDK5/NPHP4",2
"GO:0003179","heart valve morphogenesis","2/36","63/18860",0.0317460317460317,16.63139329806,5.43473431709282,0.00643069437652528,0.039591107727362,0.0231500179653148,"BMP2/TGFBR2",2
"GO:0070228","regulation of lymphocyte apoptotic process","2/36","63/18860",0.0317460317460317,16.63139329806,5.43473431709282,0.00643069437652528,0.039591107727362,0.0231500179653148,"ARG2/CD27",2
"GO:0070374","positive regulation of ERK1 and ERK2 cascade","3/36","201/18860",0.0149253731343284,7.81923714759536,4.25054152947549,0.00657381035539179,0.0403286947334319,0.0235813055301661,"BMP2/CCL19/VEGFA",3
"GO:1903409","reactive oxygen species biosynthetic process","2/36","65/18860",0.0307692307692308,16.1196581196581,5.33988750671168,0.00683253010463699,0.041710846572185,0.0243894880169576,"ADCY10/ARG2",2
"GO:0001935","endothelial cell proliferation","3/36","204/18860",0.0147058823529412,7.70424836601307,4.2102757003011,0.00684732972630089,0.041710846572185,0.0243894880169576,"DLG1/EGR3/VEGFA",3
"GO:0050867","positive regulation of cell activation","4/36","401/18860",0.00997506234413965,5.22582432806872,3.74053880008117,0.00692922946108595,0.0420616384830831,0.0245946057695424,"CCL19/CD27/EGR3/TGFBR2",4
"GO:0046631","alpha-beta T cell activation","3/36","206/18860",0.0145631067961165,7.6294498381877,4.18388497655341,0.0070334027161587,0.0422746982857679,0.0247191877411761,"ARG2/CCL19/TGFBR2",3
"GO:0043113","receptor clustering","2/36","66/18860",0.0303030303030303,15.8754208754209,5.29402810165785,0.00703763763370008,0.0422746982857679,0.0247191877411761,"CDK5/DLG1",2
"GO:1901224","positive regulation of non-canonical NF-kappaB signal transduction","2/36","66/18860",0.0303030303030303,15.8754208754209,5.29402810165785,0.00703763763370008,0.0422746982857679,0.0247191877411761,"CCL19/CD27",2
"GO:0006403","RNA localization","3/36","208/18860",0.0144230769230769,7.55608974358974,4.15784674431382,0.00722247136274333,0.0430857774398137,0.0251934482018016,"ARC/NDC1/TGFBR2",3
"GO:0006941","striated muscle contraction","3/36","208/18860",0.0144230769230769,7.55608974358974,4.15784674431382,0.00722247136274333,0.0430857774398137,0.0251934482018016,"ADCY10/ARG2/DLG1",3
"GO:0038066","p38MAPK cascade","2/36","68/18860",0.0294117647058824,15.4084967320261,5.20524589541062,0.00745617814918004,0.0440245330992542,0.0257423646537166,"BMP2/DLG1",2
"GO:0051893","regulation of focal adhesion assembly","2/36","68/18860",0.0294117647058824,15.4084967320261,5.20524589541062,0.00745617814918004,0.0440245330992542,0.0257423646537166,"DLC1/VEGFA",2
"GO:0090109","regulation of cell-substrate junction assembly","2/36","68/18860",0.0294117647058824,15.4084967320261,5.20524589541062,0.00745617814918004,0.0440245330992542,0.0257423646537166,"DLC1/VEGFA",2
"GO:0002695","negative regulation of leukocyte activation","3/36","212/18860",0.0141509433962264,7.41352201257862,4.10679489440318,0.00760964313401046,0.0447778320470683,0.0261828394263661,"ARG2/DLG1/TYRO3",3
"GO:0021885","forebrain cell migration","2/36","69/18860",0.0289855072463768,15.1851851851852,5.16225237152045,0.007669589673427,0.04482564234807,0.0262107954344358,"CDK5/TYRO3",2
"GO:0043525","positive regulation of neuron apoptotic process","2/36","69/18860",0.0289855072463768,15.1851851851852,5.16225237152045,0.007669589673427,0.04482564234807,0.0262107954344358,"ADCY10/CDK5",2
"GO:0001558","regulation of cell growth","4/36","414/18860",0.00966183574879227,5.06172839506173,3.65438728398513,0.00773925288349883,0.0450804965941178,0.026359815775447,"ADCY10/CDK5/LIMK1/VEGFA",4
"GO:0050678","regulation of epithelial cell proliferation","4/36","416/18860",0.00961538461538462,5.03739316239316,3.64145355640138,0.0078691912060659,0.0456835596862215,0.0267124434794395,"DLG1/EGR3/HAS2/VEGFA",4
"GO:0051216","cartilage development","3/36","216/18860",0.0138888888888889,7.27623456790124,4.05705708526009,0.00800893755428353,0.0463393376886639,0.0270958950525135,"BMP2/TGFBR2/WNT11",3
"GO:2000379","positive regulation of reactive oxygen species metabolic process","2/36","71/18860",0.028169014084507,14.7574334898279,5.0788967798161,0.00810464181594927,0.0466161189752436,0.027257736741837,"ADCY10/TGFBR2",2
"GO:0051897","positive regulation of phosphatidylinositol 3-kinase/protein kinase B signal transduction","3/36","217/18860",0.0138248847926267,7.24270353302611,4.04482094735565,0.00811066578702216,0.0466161189752436,0.027257736741837,"CCL19/TYRO3/VEGFA",3
"GO:0010632","regulation of epithelial cell migration","2/36","72/18860",0.0277777777777778,14.5524691358025,5.03847401272496,0.00832626114492791,0.0475393788142749,0.0277975923580883,"HAS2/TGFBR2",2
"GO:0022617","extracellular matrix disassembly","2/36","72/18860",0.0277777777777778,14.5524691358025,5.03847401272496,0.00832626114492791,0.0475393788142749,0.0277975923580883,"CTSS/MMP19",2
"GO:0060348","bone development","3/36","220/18860",0.0136363636363636,7.14393939393939,4.00857425560567,0.00842044318006211,0.0479189694128535,0.0280195495015225,"BMP2/HAS2/TGFBR2",3
"GO:0050679","positive regulation of epithelial cell proliferation","3/36","222/18860",0.0135135135135135,7.07957957957958,3.98478601640025,0.00863080180242573,0.0489550397317918,0.0286253685319452,"EGR3/HAS2/VEGFA",3
"GO:0032835","glomerulus development","2/36","74/18860",0.027027027027027,14.1591591591592,4.95999757477697,0.00877763331003063,0.0494635362421921,0.02892270053468,"NPHS1/WWTR1",2
"GO:0046530","photoreceptor cell differentiation","2/36","74/18860",0.027027027027027,14.1591591591592,4.95999757477697,0.00877763331003063,0.0494635362421921,0.02892270053468,"NPHP4/VEGFA",2
