gene,GSM3191894,GSM3191941,GSM3191940,GSM3191928,GSM3191926,GSM3191916,GSM3191915,GSM3191910,GSM3191907,GSM3191904,GSM3191948,GSM3191903,GSM3191897,GSM3191929,GSM3191930,GSM3191931,GSM3191932,GSM3191933,GSM3191934,GSM3191935,GSM3191936,GSM3191905,GSM3191938,GSM3191939,GSM3191896,GSM3191895,GSM3191942,GSM3191943,GSM3191944,GSM3191945,GSM3191946,GSM3191927,GSM3191937,GSM3191898,GSM3191924,GSM3191906,GSM3191902,GSM3191908,GSM3191909,GSM3191901,GSM3191911,GSM3191912,GSM3191913,GSM3191925,GSM3191914,GSM3191899,GSM3191917,GSM3191918,GSM3191919,GSM3191920,GSM3191947,GSM3191922,GSM3191923,GSM3191900,GSM3191921
NDNF,2.5283771751922544,-0.403535650967108,-0.16462668141753645,-0.14353521371731928,2.643700642136625,1.4831241733730143,1.3884260357979348,0.9041082438669684,2.0857547653679123,1.8076069875853358,1.255549540522081,1.277174272557685,0.7582730806598802,-1.2574686557544204,-0.43890776247116914,-0.5477968292047396,-0.47515583773975595,-0.8866429498671669,-0.9441983942302711,-0.28367821815770905,-1.3102248182015044,1.2358502498106965,-0.023074968368436706,-0.7284076114914021,-1.0958838395630452,1.5020580476360093,0.4385072814902531,-0.8444524154475387,-0.577168146628469,-0.4393538116966419,-0.5225484960372387,-1.407795774470207,-0.8301546917861339,-0.254220391082699,-0.6468795943111585,0.14461561913817012,-0.29477828024143293,-1.052898890674779,-0.9932376566846745,-0.5368721262458068,-0.6369719785794178,-0.8648095498758667,-0.24892219399536486,0.9322633729763361,0.2345882277677147,0.8791251302947171,-0.23277941977132383,-0.44649589841520576,-0.6765360824296908,0.23431501554916195,-1.1168667300794128,-0.08910591130183179,0.22521538825328744,0.10973834175730643,-0.652386120826866
CALB1,2.6909968598283274,-1.2558404944233692,0.010167842808052656,-0.12256392136470685,1.1007114664003257,0.9859567697844788,0.4912639708705422,0.8385566448211097,1.4662368045452654,1.2158207514335648,0.9345632422374639,1.257249504855178,-0.783418029244003,-1.3299444390418815,-0.03784140489738254,-1.2821790421411774,0.163995635408467,-1.2541467432992817,-0.5364519653353583,-0.5803955475412786,-1.4989794663875158,1.4402950670374632,1.0275672095919361,-0.9343653780336816,-0.5933606368782096,1.4427770340037271,-0.30670477271124613,-0.8034065898956226,-1.3894289892897482,0.12082440041028275,-1.1933351744529381,-0.8518263319719152,-0.6656053847769358,0.6642799516282997,0.18122892020787879,0.8430032004028546,1.5923871132728094,-1.0883889243242684,-1.1379408380235558,1.136163249755434,-1.0832357386290066,-0.23109829282998076,-0.32535389400845927,1.1175052758113317,-0.41156696525622904,0.6700286334384461,0.3401344701431399,-0.6138805961375445,-0.02057909611372477,-0.3689756433415489,-1.513149747874152,-0.5617536821369162,0.44090134572553363,-0.5472925405059872,1.1503949064457193
SYNGR3,-1.1889815094527088,0.17990450147344822,0.5539459834144242,0.2898521871330329,-0.7453861297193932,-0.595429512362998,-1.2499689597514796,-0.918078166401751,-0.8247024060129603,-0.42308559644040866,-1.3226489885187471,-0.5835839041353473,-0.9835595460217407,0.25623259845352125,0.7539137655037117,1.0369725250838038,0.3736614960379001,-0.14911797766235807,0.24694077774826173,0.10732453761618686,2.464687297813709,-0.9708506302909632,0.7192421323157301,0.48126179683555204,-0.21967233704433053,-1.0058717912070023,0.40881398556846427,1.0335064710639352,0.5184109249776411,0.09008672990839406,0.5347797466026032,1.5090190278887419,-0.1490350262292588,2.0501522618022228,-0.7448175205479314,-1.0974684538691646,0.029126017295604597,4.381059969781343,-0.7960331946580168,0.612654124402461,-0.01675169533787392,0.038124862592140735,0.16468570629324303,-0.7104250259939309,-0.7601461043889962,-1.1322991521314352,-0.08765205300648823,0.14817723878305517,0.027176235117734482,-0.6456429027441936,0.21424093454223722,-0.3930106678309047,-0.6664625386769651,-0.2526194737532997,-0.5906525718584514
C5orf46,-0.8040266080249485,0.11876908326948726,-0.016218115553731233,0.416372375124734,-0.6625119771627629,-1.00866582583367,-1.291594713300119,-0.8853491460288133,-0.4759592281102685,-0.09168361978640559,-1.423168600803635,-0.4415600147914857,-1.3224698946612068,0.3128396476892351,0.7143925796568874,0.09955144050181836,0.8765726041575799,1.0632423234842272,-0.05195043695190012,0.6036601991711338,0.7874767848464427,-1.2356960910432921,-0.15742746689778656,1.0198033237032398,-0.11329357142935034,-0.634337350248027,0.496249304328195,2.394263072192783,1.1924070640888569,-0.007910942124014013,0.5879780823752175,0.7436127384833484,0.49120909363808213,-0.7995253825178552,-0.3892093422558577,-0.5810131888566097,-0.05744143738437559,4.946283522261158,-0.47960755994460197,-0.16280693689509657,0.16113304689868801,0.2838180299804127,0.007769791653144278,-0.6945303258776144,-0.6586187552200558,-0.760234587482267,0.09941120804013537,0.2643258524523668,0.14146082445764535,-0.6163568418711335,0.3342787221413404,-0.2994114792229802,-0.8912378559018128,-0.11426367907585565,-1.028799739338648
DISC1,-0.6963907520674936,0.599215651748901,0.08967972000178186,-0.15016630801131037,-0.7293993079432229,-0.8731953090783505,-1.172642163795127,-0.9647840017890179,-0.9478984558087222,0.15166379750790474,-1.3281770415272733,-0.5585378966242206,0.00023560904736484638,0.4785514309961978,0.1323010292867378,-0.3770708075409891,-0.19465712836107388,0.446484982338003,-0.1898148134658546,1.3104106488890164,-0.09549800308865526,-0.8923710453762733,0.2545495944917587,0.04886976148429026,2.1863491319217205,1.9634505588154492,0.229948740978184,0.16451240859219243,0.6838094235139952,0.36119885409555147,0.16459284892610535,2.6909319053320893,0.2713627756320227,0.47933051668651716,-0.7837436578609893,-0.15293635139330847,-0.19391094014164514,4.066718754190992,-0.8076154243014015,-0.5002850953645228,-0.29575189836369326,-0.13967831140358106,1.8308282795884177,-0.6643102260288514,-0.6635041026667446,-1.1145015678106927,-0.3713638415554093,-0.07450791866236903,-0.27640014817490566,-0.7184214799324542,0.006603397434888219,-0.7557524715965325,-0.7993532119521901,-0.33118984401648227,-0.7977702957967275
CSPG5,2.368079379986999,-1.0457517367675624,-0.07704996001022381,-1.3710163740234917,1.5074950789319184,1.4767061573820797,1.2963956795434,0.6450252781909185,2.6496578989775115,0.9431585727698006,2.240391507691114,0.1758338524109353,0.981407157468963,-0.9556828750131958,-0.6825642765960366,-0.8467415259446981,-0.3559085178146591,-0.8961667679112489,-1.0609595051205376,-0.6141390204197779,-1.2597988421122095,1.3947431840310724,-0.09758755406176794,-0.8076607426098044,0.9074123944343438,0.6142147634646509,-0.9373374520998001,-1.2526962262525374,-0.9435284649426906,-0.15067012426412071,-0.20105042253328492,-1.2364973733170777,-1.0872225903393031,0.4649064878080139,-0.29406480226879356,0.2562142186116943,0.01093632798932478,-0.2992192910665673,-0.8916835341790205,0.8492956372858484,0.8381724984908955,0.27223939182112733,-1.0242851970887108,0.4617899077064461,-0.27190671578150755,0.9982346343941135,-0.04274796531922424,-0.6192274512888148,-0.837123840782686,-0.4727653182450414,-1.2406917906461445,0.056934632687491465,-0.5473922880929429,0.7852725039717525,0.2266214008630697
TMEM151A,-1.0248816277052437,0.0436120605298903,0.5621630132175264,0.925827890534007,-1.0126362836050273,-0.7582075889731439,-1.1946524047031544,-1.1572755310189609,-1.1986954541273689,-0.5285903923726272,-1.8785380574008526,-0.38569206514308313,-1.230190776745803,1.227530834459309,1.6290941536500614,0.5814853109415901,0.28697976304101824,0.2644702035108939,0.8898949448532111,0.9419856111054784,0.9530406887848947,-0.8872868300105842,0.49612225447837,2.0837905715484584,-0.6981493973906346,-1.278809279946763,0.5510185021674332,1.9860059190826522,1.0248409963099447,1.4881174864784974,2.47620142115094,0.490198530921395,0.8704523744253484,-1.226472523243786,-0.979289159694308,-1.2228003979595874,0.06582399601560866,0.13901884699159867,-0.4862866948411602,-0.27880213916986113,0.466267374791223,0.17814972332236229,0.6463817690177033,-0.7919614838757898,-0.6596159075532847,-1.4185035771669596,0.307903921293659,0.43882097998191066,0.07238846136308032,-0.8951014599522222,0.9349038766806312,-0.13005427065132355,-0.7221367956480964,-0.2664216199547016,-0.711439761794396
SYT14P1,-0.9760958242850303,-0.0544382150376774,0.6290534061840409,0.37332044726260466,-0.8267480358593892,-0.6187622481697366,-1.231701892405609,-0.8715886196938657,-0.8917633758981521,-0.3530676756612152,-0.8936483968484951,-0.47220045038044955,-1.1811965247383553,0.3192108010826861,1.138981664455309,0.051704451627868124,1.707392625357228,1.1201622160133042,0.8162429079466769,0.04414395914326399,0.15203825722264114,-0.5704253711852231,-0.05049197487758114,0.31574232235755384,-0.3346209411836331,-0.8355806911207897,0.10850712263456722,0.48551986468517255,0.0916334888619475,0.5449859949299286,0.7495089913537482,-0.1453195432896142,-0.054839256394197386,2.538723416115796,-0.726398470967905,-0.991437278095226,-0.11490703981152756,5.106958844650153,-0.39563644615315346,-0.4238447808967394,0.04827171330354857,-0.0519603802853197,0.039724863019029805,-0.39723442379020135,-0.5560154376170577,-0.9201176902145825,-0.01609087820560846,0.4190145704642094,-0.13229158163550891,-0.6754826640874068,0.19765253171311548,-0.5265939999211362,0.11021120366317383,-0.11713098894727868,-0.7010745663898893
BRPF3,0.5077330591335741,-0.6999211679351849,-0.7493945424598536,-0.5710271657545877,0.8221129740369053,0.7883891500713797,1.1176993391935828,1.5273357453776721,1.3926380815147295,1.0067391270427455,1.8654094671301313,0.8024574726007626,0.30266425953888854,-1.3134352386123131,-1.5871065578881065,-0.4484728468422588,-0.5551535903268107,0.2078252081739257,-0.1404431788072661,0.12530328793022893,-0.7946843278643388,1.152411350924084,-0.09194276977068763,-1.397711214946378,0.15351665407146672,0.3494016683826201,-0.7556659186211989,-1.2211506680440072,-0.874413986432365,-1.6862357295846455,-1.4315717736360531,-1.4131721189257496,-1.0113719789962676,0.8846142064785366,1.0829006535607184,1.3332013501629796,0.6573749863749669,-0.5028831714273563,-0.5867541747612006,0.5650295393177522,-1.3963787603997626,0.9592092823948433,-0.7970371519607037,1.647662663222737,0.40652128142013916,1.2439955783684884,-0.34746173675436937,-1.296408678946006,0.5111355836647149,0.9130585042174185,-1.1618171787196496,-1.370643958504555,0.944179007083547,0.13892585546142203,0.7928142500707293
KRT12,-1.3485878762961985,-0.07134221739281102,0.523110350245163,0.4160981950491946,-0.7338381477362045,-0.7167327706316279,-1.1799501972974715,-1.1453825465370886,-0.9452462922948119,-0.012556673270280596,-1.1770408139212798,-0.15729537280379402,-1.2192056658279102,0.6291767695194546,0.7576857449866358,0.27610825172400905,0.5631964207575904,1.8542569260960002,-0.1455413837007573,0.42162614843964197,0.5676119878068682,-0.9769539995447732,0.6901314709254409,0.873173164438201,-0.197233618961406,-0.7943899987278528,0.4964659866957392,0.678011212639773,0.5620732501908611,0.4646106900755411,0.8767103867910189,1.6419938664862928,-0.2637018477381375,-1.3105658668307123,-0.5947962458595344,-1.375087057692223,0.024527268643871253,4.820357028274585,-0.2740647228347155,-0.1485243052147303,0.22395406947376198,0.08558430651477514,0.13697642459604964,-0.5370738590913711,-0.812110795655341,-0.9378365223433771,0.20785603190470778,0.5523535351909158,0.17671454431900374,-0.5248182920271593,0.6789653678912773,-0.41852089112338514,-0.6196878846026121,0.02951748236781266,-0.5907610160866252
GPNMB,-0.5830440224806055,0.14280935951396212,0.8206386332702645,0.7918237772401613,-1.2261060613241181,-1.1108901336281034,-1.453328671851128,-1.565280429336975,-1.292791616620387,-0.5591783204604304,-1.3454408814791037,-0.19148752166261396,-1.093294899955245,0.9363473519449796,0.6129631397556783,0.579205098407176,1.0850645032304023,0.9502754328116084,1.0757552803566706,0.21194851466528056,2.133323957434272,-1.7027209156960863,0.554971307975364,0.7509739977479811,0.13624970325869704,-0.9591798205334148,0.9547803545254481,0.6297651478512157,2.0544563369247926,0.75327639297643,1.4095014572294955,1.845177473473433,-0.39467943133453265,-0.47673945302039655,-0.6921523065872983,-1.6623236116260105,0.49546173100083046,0.022204598783855885,-0.5071240179573494,0.19878575486091526,-0.3580619600975936,0.13520117353294606,-0.4455658515973547,-0.723558520648024,-1.0590608007555742,-0.9001844965978284,0.4855372912172438,0.12100776596635995,0.07485561633638269,1.2335564928710077,0.885583737658321,-0.7113950894862955,-0.7060635122113159,1.1963207129273417,-1.558169748800768
TBL1XR1,0.16155349603674884,-0.6161290082541854,-0.15516983154184066,-0.4807641995471919,0.8820238966004708,1.9481939551288312,2.794383788342642,-0.37219126973046746,1.2145653989733607,0.8100165725452717,1.869646584397766,0.8861329978292438,0.9822186318616255,-0.6510885092216886,0.07391578358087583,-0.1769425059873582,-0.6493766889831921,-0.139061282531653,-0.3252651712743168,-1.3819007910013252,-1.0054423214019679,1.5040365633745687,-0.8733508819011802,-0.7502217529367994,-1.451386578850136,-0.7477911203957311,-0.9059762612743543,-0.5393373566650718,-0.6215438913641976,-1.4959845520034654,-0.44093923555148157,-0.5748593104506543,-0.9334548333208953,1.0798329748286053,-0.32166452181071864,1.817081459302502,0.06219815298281463,-0.9602581817447297,-0.3301117473337993,0.8801427703113454,0.1272394625322846,-0.3615161789991594,-0.48438709288177173,-0.6967114633883411,1.4071998003048545,0.6782109250330712,-0.21907275546928776,0.7624626162247699,-0.3265275709687753,1.742556745052634,-1.4042280413847232,-1.0175117895312489,-0.6434155125562995,-0.5824574617932814,0.9524270968070006
TPSD1,-1.3213117224115953,-0.0653979005325877,0.15932617599786092,0.6311936067406191,-0.7839187843420884,-0.8297628769595664,-1.2695507185467476,-1.175842034991328,-0.7937687285283719,0.02514597995806579,-1.8426571631109077,0.24247144107984203,-1.1267750344726177,1.0826016135545204,0.3103078523298303,0.4527007113439838,1.6139076614386914,1.2486401869082504,0.6055683605752977,0.276605889801581,0.8732476190149544,-1.152568465271265,-0.10392094893567859,0.9990222553911683,-0.6399009990436743,-0.8596914205557411,0.18062348719844362,2.0426049400782538,1.0004172057618528,1.0530710097816445,3.5858492234593373,0.7482111628614317,0.5226132641407901,-1.1277122108879292,-0.5175777820137111,-1.3667013928446698,-0.307199261894486,1.5206383927434992,-0.6933894595965661,-0.338966324882034,-0.015169210095181393,0.35575933983129215,0.3820174247474262,-0.2385954805355992,-0.5967948673249416,-1.3739265397784108,0.49412670287308263,0.20077473891481684,0.0320393196738417,-0.8729372037620533,0.5090005001786619,-0.6922596257830739,-0.8366494301528649,-0.52067807160178,0.3151375924764438
ADGRG5,1.6600130146742347,-1.214263421114749,-0.7502481809844,0.09330473668409262,1.4196079244111752,0.6587427871973147,0.24129032957219596,1.2864345455745276,1.0786367534358043,1.2449122092291691,0.5572023868757568,1.3077809987262452,-0.2015272608603082,-2.1771521572894343,-0.6041105249042478,-0.8558483040437534,-0.12316155370690257,-0.4120578793001086,0.4036436011169354,-0.271278243773039,-0.15529186361922315,-0.557877213942824,0.9292913547018623,-1.785191421863262,-0.49756657563523715,1.3492843753389487,0.029045873701371593,-0.9502802700021103,-0.8961482305017895,-0.3820041454394005,-1.5032336038866598,-0.4859419282808093,-0.7142800344363223,0.28559790091593734,0.8650209485182754,0.8819864361349342,2.017154562474538,-1.4476301908458036,-0.8036344844559639,1.5782725584976693,-0.6281314076475003,-0.39959779526613703,-0.9921408771586061,0.9438596260180173,0.7629998750357091,1.2864345455745276,-0.34986133118066254,-1.9030936601757333,0.3266441464849503,-0.34986133118066254,-1.0005658452362551,-0.2553827783975375,1.1414584098336693,-0.44088557016349245,0.7596281845650821
CDK15,-1.3184661145917078,0.21700021668236416,1.1359830879275514,0.338187868404207,-0.9820444470160299,-0.9616761849158502,-1.4861209517271827,-1.1749088192051862,-0.5007041119585218,-0.48012328258739195,-0.998393653614664,-0.5509772720708156,-1.422370228431323,0.4232585380323266,1.5061265960564612,-0.549023043508138,0.36676706680837606,1.7848449097550925,2.6394836367161063,1.3030975949414112,1.6569001215568202,-1.2589744674142247,-0.43042603954600095,0.4066775248493322,-0.3086831053590846,-0.7082310152855121,0.41348322631281303,0.31472862167032406,1.1610046362212938,0.7893159172013722,1.3072065849756154,0.0012727535126354683,0.020026486356966224,-0.22901188166365088,3.190145064231761,-0.8257059236233475,-0.10237508542762222,0.9006241250960676,-0.9241062682139598,-0.3951957518950921,0.358523216151961,-0.03159919508813495,0.10154675182454999,-0.8074379693866105,-0.744339266526819,-1.1358632050049184,-0.36409476590334416,0.31068226487935746,0.1370998136758975,-0.8882692444937158,0.37256833732343664,-0.17150577612954718,-0.3272334594211207,-0.1575058290256868,-0.9211886021288153
LY9,-0.9097121874385555,-0.08175258878478629,0.13697991805909626,1.0454864228257343,-1.292977767668162,-0.8528387370317762,-0.9438600579981943,0.309656662085874,-0.7340487684019661,-1.0639702122140562,-1.7054085373136432,-0.6137736347800229,-0.7227241504009376,0.9045735897359116,1.2804165918992045,0.06707806342147782,1.160041667898474,1.3985540061067574,2.4307810948071964,0.25068455346761664,-0.0007291719498588243,-1.354948321253842,0.07253890285072061,0.7227052193852033,-0.7650281340064983,-0.7403795811883934,0.15893782494799627,0.8358020589001995,0.39163676773937706,0.07303370183649978,0.3790261919025085,1.7836005167347964,-0.045711332281136066,-0.7498938360378565,0.4999218090214137,-1.1495266090553693,-0.5259406572659835,1.1500579581847235,-0.6116534730975203,-0.10791577602392445,-0.4070512528063371,-0.09907486864118707,0.300124722656048,-0.9506382833476883,-1.1402443998711138,-1.4191580444673688,-0.003587173512744697,-0.025473148300828464,-0.06599029678742874,-0.9092176101618311,2.424510700743791,-0.569410683695277,-0.8356760488059971,1.1579397563499336,2.4642266430297823
OR5AK2,-1.256337995025098,0.6140188497124291,1.1737869931158489,0.6956074650467827,-0.825624977523031,-1.3356897004491983,-1.4188208723177478,-1.447650163695309,-0.932539290017008,-0.46323140626593595,-1.9874294486337862,-0.6810942538214705,-1.540030954533626,3.1094707122725826,0.5857655360072467,1.256094394657399,0.527293199322454,0.8239410059462332,0.6441953596481738,0.8486947587072071,0.4737177675448612,-0.2243313859081133,0.7967521631155352,1.3188768658236107,-0.5536726583260501,-0.7974197721304633,0.6905386678345127,0.9188678554784655,1.699448136618583,0.4503987200743271,1.7494316328902713,0.4055448475191318,-0.04537232125394183,-1.4116687920113835,-1.0071683341449933,-0.8194562448758196,0.7273091127694157,0.1922911200087512,-0.6777635294333602,-0.4352437077982718,0.19855485192857747,0.706896410663743,0.69400912629577,-0.6044736887833381,-0.7802160138232906,-1.2359161069598668,0.1737155836711937,0.2170186714871456,0.39586107269226123,-0.9699949906734735,0.6646681676581667,-0.3985999063125615,-0.7519513796787788,0.0948985944221746,-0.2459697485369535
PCDHB7,-1.3468211857500472,0.1699519670960739,1.193551708498707,0.20850467168129563,-0.6162162596801805,-0.6063191591967207,-1.2385365786404596,-0.8498691445072648,-1.0391773377606508,-0.16397377762746423,-1.6567825116735095,-0.6211214490926303,-1.2673801165313408,0.008667056820384758,0.9781243146450852,0.941877741346698,0.5937501360313054,1.6999097189661703,0.0310826558627109,1.3041541104194303,0.3933656311744338,-0.7517697543572782,-0.3398843213158849,1.0398561683415257,-0.6756932358831802,-0.7159883872110842,0.3729586997985298,1.1057757357178237,0.5674558451523051,0.17240668981925222,1.4801380601221432,-0.3046943080078913,-0.0783111455356722,1.4428483782005417,-0.9572967048212635,-1.0909283229586275,-0.2696913147482065,4.2794896729478005,-0.5177167640799671,-0.4674362722891899,0.11132494466528939,0.033791958838374866,-0.028709037049384854,-0.33187632569979897,-0.33221964548505595,-1.2093871946535388,-0.028808669931748767,0.2917250525483963,0.3118994580115353,-0.9993635059182638,1.1851341865284446,-0.17523113123445286,-0.7857847256910951,-0.03935053629485409,-0.4114057396075145
UGGT1,-1.1649456163080123,0.3953448436558456,0.8806719595151815,0.7384649852338975,-1.4507244765037348,0.049487723075457915,-1.4637178750337883,-1.3145327355070462,-1.033202275295931,-0.37412919788509746,-2.178350900272748,-0.555532910948175,-1.402580846611048,0.6166340722649691,0.49836390679564485,0.3202164743417892,0.3216103009045493,1.1331067113606241,0.5709351759161134,0.6840525853148843,1.6908462008518463,-0.8064853619901237,0.5664421575078555,1.5475610549182688,-0.6962749868814603,-0.28368031803966753,1.761455599507645,0.6056483517740756,1.9948639021762844,1.3262824854040385,1.247959092182196,0.17078948793239987,0.6382016098634417,-1.402440806580397,-0.13052417089693044,-0.05477443311271702,-0.47497396713773715,0.6794652890350179,-0.550304768191141,-0.2570858698862005,0.7939155135558537,-0.17866736932857877,0.05662517194986399,-0.8307008356828482,-1.0851964550822708,-1.532102358426264,-0.08702041443266409,0.4425535629595221,1.051507953161624,-1.0542796315611995,0.7653967276831934,1.3945120180487405,-1.432057568312041,-0.08968136843060939,-1.0589473985523967
TPSB2,-1.0628876137270007,0.20924516301401944,0.5110427142673729,0.22409013771716213,-0.4938002187548948,-0.6743256277829482,-1.1272512040231835,-0.8510188137354225,-0.55686992362648,-0.0517953803442218,-0.7385732736837797,-0.6965924819897412,-1.3270638646341566,2.534182750612501,-0.020160534825078416,-0.2029334429051219,0.2972840736442163,-0.0012855377177963421,1.2190555980291546,0.4156787876763815,-0.0016841606380384724,-1.1416451637924576,1.951751875268297,0.08915459508500422,-0.37580973608853235,-0.39799269339292537,0.13345546569878441,0.8286960683597103,2.170260807234743,0.48828626331529174,3.910515304970509,-0.2762646449933308,0.7854246555358962,-0.9010766229082868,-0.6272698806683166,-0.7299558032577876,-0.08340086006146492,1.785458336628968,-0.47911672468341543,-0.5487850127603082,-0.16749814964277945,0.20189527487552097,-0.1015426970664847,-0.8262502201128323,-0.7801246318077484,-1.1166403171884656,-0.24665830837828828,-0.048946941076083994,0.374498755057022,-0.5933599135508036,1.2558740150203205,-0.5812056466191574,-0.7464794730436569,-0.3311348378118259,-0.47845028471806256
CCDC60,-1.1656687945758113,0.3429094900773823,0.29916988672207395,0.9730690495058538,-1.1148937933982521,-1.057808413831876,-1.2440958849703403,-0.7048097287062699,-0.761788344229881,-0.27062810237221147,-1.450847764286284,-0.17583426028333807,-1.1656687945758113,0.42358957235924005,0.5114343401634209,0.6767895167750059,0.8641331986622726,0.3887704938407531,0.1413315454981495,1.1840095768343255,1.0659637693462674,-0.7009051539075206,-0.19941698002236516,0.338325131420586,-0.40461277876383794,-1.0076594089707256,0.7136765462964966,0.5054481249185144,2.1850760013120287,1.1402147671641563,0.2961127815823526,2.2993220323810015,-0.05002170876039849,-1.0538101719524429,-0.37452764763144825,-1.1245691777025386,-0.47267525016429646,3.872169257459335,-0.5979667822461237,-0.6234430596077332,-0.012823873870781759,-0.015617429848291805,-0.0889734745616757,-0.5423403952764921,-1.0852861721490659,-0.8835386681070578,0.2685274831276567,0.49497333412768174,0.39096748702273343,-0.40389777871141375,1.4335018611962,-0.5990296326072242,-0.6181747180743966,-0.3284794742199524,-0.5096716294076176
YPEL5,1.2285120623633339,-0.4323574877702354,-0.7266165123875605,-1.1119285517548427,0.8465788301295033,0.3492930147082333,0.6222975693530438,0.8471729903810483,0.7506250024555291,1.1871732953980025,2.167386443071113,1.391712843635493,0.8049496524213583,-1.1434698811205193,-1.488300547975606,-0.32281221837955065,-1.2057007965379192,-0.24774474496281212,-1.05087652798387,-1.5122674659014261,-1.0693535685046929,1.0551521030179938,0.7975989811685154,-1.2455978091748627,0.09301445102646536,0.6722214101214083,-0.9559789247558598,-0.6174985635568203,-0.5434928010276264,-1.7535743953124574,-1.2727042309083372,-0.32977785178164315,-1.116457101916425,1.2741791821058832,0.7719824526947228,1.8163976551091037,1.2568470127334332,-1.2135497354617073,-0.16418116336319355,1.0555771174895945,-0.4777160660792077,0.101838623179703,-0.7693786746338824,-0.05308319452803948,0.6979708204171889,1.5264085853588112,0.43077572825975946,-1.7979287145615115,0.5525773873722707,0.5120542004794829,-0.5540728943607418,-0.25883820288115866,0.22261913650109752,-0.25095675304769677,0.6532988296781226
RDM1,-1.3697009634975534,0.947801043377636,1.1348080479272196,0.7661161262469721,-0.25020669011600977,-0.699584704251242,-1.5297822128991292,-1.661716729236072,-1.1139348232848552,-1.1098282956827572,-1.8783838513901852,-0.8766733258776551,-1.728289861609629,0.6686592234265125,1.415537342018854,1.0301848404798863,1.5746799297814156,0.7280932676392294,0.5505060159110923,0.5542582012654278,0.26450816586095105,-0.7160085914386813,-0.1547918428098106,1.3678212316479423,-0.16920975208269468,-1.2694119623176183,0.08167709325161633,1.454122425015439,1.837381494261699,1.1034811440859782,0.4977325038936675,0.23378754837918966,0.8776447606285923,-1.2121680826664185,-0.42334601933647836,-0.7987950485711761,1.5768479842890701,-0.16388977800272275,-0.6076306079153717,-0.5250352269212994,0.022245780908203984,0.23441997515566687,0.20013039231502672,-0.5200469766453063,-0.796865791029928,-1.4065162471762016,-0.04065932354472723,1.2430851318697775,0.6846265060160801,-0.2783641113528376,1.8845529206664131,-0.28945812054585773,-0.4838069017772298,-0.1593337832231561,-0.7012694711168963
MIR1246,-0.9623739719202831,0.7632107106867383,0.151679986902207,0.2128473174854662,-0.34881177298487825,-0.7042022066745602,-0.9760109527015429,-0.7113440859491995,-0.6466304041942648,-0.5862334002965984,-1.0280075251527656,-0.3137289311315518,-1.2350366440350073,4.495430004949039,0.3518957447602755,0.011588705122305712,0.06849466123414683,3.5077622847926047,-0.08337631196169143,0.22022492740119454,0.1683265949255047,-0.4399312085136145,-0.154335357534861,0.5264645062658552,-0.5644046434303925,-0.6640395013705815,0.2082803765798731,0.19275406804915948,0.4260573793230645,0.28415873648669115,0.3361713246007065,0.8446661644418328,-0.1887379156123899,-0.5514477322521164,-0.6919860653178075,-0.9586033417137578,0.12807365397230147,2.6211266543065057,-0.5293265241763252,-0.22061250860889134,0.2798581691954351,0.3418192788712784,0.13436692705728415,-0.7450464072891964,-0.6771091406144779,-0.8144080407293147,-0.06481647769334034,0.1419193645195607,0.06828378319714112,-0.3481820096598452,0.30219101201995513,-0.3455979740062815,-0.5801879625651424,-0.2992156967705011,-0.3539076222849579
MIR27B,-1.4396719711155128,0.1928155906049084,1.1665997047123253,0.22398780192429685,-0.7001485029135424,-1.1251651285918929,-1.6136330980535722,-0.5629370879523854,-0.04521444347781279,-0.4762526080514215,-1.6520491136806617,-0.4536398711653469,-1.5550090051303562,1.0917795928110334,0.3504098634503334,0.02188589838908694,1.3046462388952929,-0.16649344906183017,0.053939953913172016,0.1806560772447669,1.7774565845394255,-1.2417760933304405,0.2958858162351555,1.166207122144788,-0.15655628021131018,-0.5409914939584047,0.3595044693427053,0.632712691140955,2.123274085935956,0.3886943596063859,0.5442627678828325,0.9229352516258131,-0.14879827863983058,-1.9166411615413177,-0.5002438523969185,-1.4363605693253483,0.41621351653116156,1.8797060810181099,-0.7197943549393647,-0.23175743765350498,0.21281763084075597,0.1694637103340012,0.3255697794506557,-0.7215556066288557,-1.1290219238229788,2.960234724057953,-0.07981091564863407,0.7611219193841888,0.9038911050025903,-0.8200104385680315,0.6147523410916322,-0.4128507233342316,-0.6208989951092522,-0.02542250032373402,-0.548719773483806
TAFA1,-1.3749204745072385,0.6434503403169363,1.0411370072114832,1.0329978532782202,-0.8169857201824159,-1.1452227934266577,-1.4237927392887506,-1.1406127666892,-0.624652726966012,-0.7147800663090476,-1.9391570503103301,-0.6994126860048879,-1.5358161722480141,0.02549333920836227,1.3528148485398717,0.06878300451773209,0.7031469134036101,0.31219252254888924,0.6860494695135738,0.6483327228977945,0.37903891249750543,-0.9704238861181761,1.1808752040050587,0.6290842079502599,-0.3004953292591964,-0.8423513268446797,1.0366826911096,0.46727944270094063,1.4868467433652026,0.37045122526166646,1.1774013945001127,0.5715949303237198,0.6158942885930684,0.8535608391832965,-0.35549985133973566,-1.1880234797925215,0.13483980608310822,3.4875391265939935,-0.20527094595696832,-0.6848731824836731,0.2671296531265198,0.18484047935228656,0.6341496312901467,-0.9344023123059269,-0.8708420232137478,-1.656748161153377,0.22875616096368767,0.11995625895321223,0.9295941113965351,-0.7096073876915805,1.1068192330811266,-0.5582242328044311,-0.41839844280854693,-0.30872633140753536,-0.9574922726548327
ADAM6,-1.7362173898661062,0.5261907549623823,-0.17874578145379763,1.7370480626154436,-0.7313892956397668,-1.2900887896678668,-1.0830473062214276,-0.9279128272065412,-0.5619679032122809,-0.46072625786233173,-1.781676508623197,-0.5884989954630474,-1.2763160076760793,0.09921961779532877,0.49906969399541784,-0.10358083256765596,1.3291522929492583,0.5195360265194362,-0.14600559411995792,1.1532565264416021,1.9725699728064898,-0.750373787769736,0.6618457136975697,0.8773816065708002,-0.46010632588539824,-0.7700187781959288,1.1049273005832385,1.4057492671830023,0.8901500780795555,0.6588323664607894,1.9424111225758987,0.6495737215336765,1.0910599448083849,-0.9007660109824018,-0.591621885917232,-1.0050662899489993,-0.2613411756318137,-0.2524462065430572,-0.16800742141142008,-0.8724344258719895,-0.13191046785476845,-0.054751925577129906,0.4778552111657664,-1.0530431701000913,-0.5608589123143551,-0.6634658857141279,0.8940353355763077,0.23483211938676066,0.26113428186418286,-0.6343403978054442,3.1084235881466813,-0.2624045787054719,-1.0469184759706813,-0.12268660449961855,-0.6655183894382629
RPE65,-1.0049840107323205,0.4657540858634014,1.1260143127700573,0.465461642062457,-0.6136061427170694,-0.9457362687483211,-1.0222739348264196,-1.171555071281097,-1.2359295696607826,-0.4994400911642861,-1.312884568269049,-0.3808014902076843,-1.3689213477071607,2.528322833016288,1.4856565423627155,1.3630884481797052,0.4322112489530414,0.2720968171178757,2.789985665027764,0.14561968955314714,1.7599627343927577,-1.1414630046720402,0.34430013763467815,1.0340007993318683,-0.8504625828154796,-0.7677788361083595,0.8003906461593148,1.2214175302895536,0.6825646647424304,0.5380546504978753,0.36160075618091064,-0.34671317520685074,0.15939220342810698,-0.9931490056550987,-0.7575449456054257,-0.994578328898457,-0.37928847830447865,1.574736491646731,0.050934367423719984,-0.7785514177169696,0.07419914953454587,0.4383075606761733,0.5034300719326823,-0.5935594639261482,-0.796530013927015,-1.4171881778535032,0.1435180872649067,0.5410549751158945,0.18897733521092788,-0.6713984611015282,1.1861364831370733,-0.7388517985142231,-0.7877091439124613,-0.17998933169492984,-0.9263012682794124
MYH1,-1.3673121069978882,0.6924193694902951,0.8511849366081746,0.34156824693135807,-0.5127601315976967,-0.6338492848727156,-1.4317289507660813,-0.3308273738038237,-1.1769210286072895,-0.5455338153616442,-1.532928589339774,-0.46877882544494176,-1.4073366343287217,0.8572980422161279,1.1638181212780132,0.8807967359762087,0.00738750041208855,-0.033151381894831515,1.2539980182800687,0.08913489485352181,0.28269367051946076,-0.9471049333704898,0.5883610813282726,1.985830057962478,-0.19823164542551577,0.3008727787032392,0.1759147277177722,0.7832966537110552,0.5728858340352088,1.0554386482666132,1.3581442489336193,0.5287705481159236,0.8116227117343254,-1.4922047749757181,-0.5940542900275955,-1.4160973948091213,-0.14498177522573602,3.308767391341254,0.19862286249721273,-0.6623644836743678,0.5202011723006934,0.1482537236923369,0.3955078744765926,-1.037739957173563,-1.3298056304818424,-1.1359957791073272,0.005420385258267735,0.4384280530898839,0.7195627722285344,-0.5471504671813983,1.6826236380396433,-0.8421849926823778,-0.6203356003577566,-0.45904879143579114,-1.1303960610542163
COXFA4L2,2.3172926970367778,-1.216630598910711,-0.7440856543731393,-1.3631300846797003,2.745518940108241,0.5327821960804208,1.7835129721280605,0.23008695956085287,1.8352576984911335,1.2004469390197274,0.4191744447806359,1.129264172555464,-0.35563903009533465,-1.083685793105604,-1.1414165983424784,-0.30741737786695844,-0.7853631375434382,-0.9030942921408811,-1.1555731889553829,-1.0537798018725593,-0.9174048844100424,0.9903471658401488,-0.8003491293336596,-0.7426014025287199,-0.7537976519291735,1.068563666592286,-0.3453909270149075,-0.1326799714635119,-1.0706382456953722,-0.745830236900577,-1.0643612393121253,-1.116635879754982,-0.9838318851295389,-0.5504826069269285,0.3849621994505536,0.6606403155919041,0.6220968723064544,-0.09203849852609405,0.12655639517346867,0.8333303413275365,-0.248161162788644,-0.1733129321521382,-0.46081818089957133,1.1509967643842465,0.7872103288980206,0.8716474940211485,-0.13169484617725874,-0.31372135640301657,-0.39267794639656295,1.126884127526088,-1.3025577231463747,0.031356169813742424,0.7280767765439599,-0.5081046362873625,1.3809012638318834
FCRL2,-1.0736878505141425,1.0892027416489427,0.36390876471616407,0.059253211244324894,-1.1275082704617874,-1.1230361212897062,-0.2932321048879541,-0.8385243440529088,-0.8658567703598553,-0.1342295760895389,-1.5899173851408925,-0.3086731749127646,-1.4697988719127968,-0.09713940865034511,0.6163122986996381,0.32804688981411967,0.7738185172067621,0.9866076958453184,1.1458290314619424,0.17597007358339387,0.429863638530976,-0.03854057895288402,0.8742284824341453,0.7005510379917499,-0.4609707531684808,-0.8297927384334225,0.9206517507764407,0.9287518479657673,4.163763893771837,-0.0783965866488,2.4181788965132087,0.6794258328815772,-0.07345199246649135,-1.5868525797682704,-0.5480074504135538,-1.0275011585071239,0.6307368611978785,0.5183992625574406,-0.6964544269831263,-0.23814469856191087,0.2125602687431411,0.03180911104751519,0.16584333855297337,-0.8284006133409374,-1.0169074525473416,-1.304556953884121,-0.04908053361295667,-0.04289591889067989,0.13546090004269234,-0.941666600629392,0.4062853816667115,-0.16785792587065745,-0.9534524939788664,0.08373952865842835,0.9653360773786313
MIR1236,-1.3471929178071795,1.0923138112420545,0.46740575922626915,0.943390830500708,-1.0999929254666774,-1.1587853413499756,-1.6338049524285407,-0.7648715777176723,-0.234359485780025,-0.2081454514488339,-1.899682817261954,-0.7496270717316376,-0.9284543206268996,2.493262322659657,0.8655112809489268,0.29132526931343156,1.0147849459930858,0.6156752678007765,0.56119445147132,1.8827781111839048,0.8982189825834365,-1.0073747888875983,-0.3452684015440953,1.769005279201612,-0.026829428055577958,-0.8230846385478585,0.23519879935032542,1.0106905394847032,2.0142652991991654,0.7906151777831963,0.5689088531462262,1.3086921722946938,-0.0943584788330392,-0.9125098148621809,-0.6881088026491341,-1.1253993051472835,0.04149091364219097,-0.2694857941889666,-0.8838883514610795,-0.26289271317264074,0.37772749242292075,-0.22389407226939598,0.11204254413565878,-0.6950879419503545,-1.0281771233281898,-1.519915875413629,0.1099029453369213,0.7941547592099943,1.3524724263794285,-1.0622657239878501,0.5458727316846639,-0.21529015018732967,-1.1241142645182727,0.4730792085006684,-0.29711764407200286
SYNPO,-1.0272959664569257,0.05176918614474994,0.7332200514676194,1.9717814364978858,-1.5148471821357001,-1.324522713620097,-0.868887489200781,-1.5124586935216828,-0.9653029790577817,-0.6639169269843318,-0.8907770335979406,-0.7676265961587386,-0.9677178780415988,0.2544146293976605,1.365006474350978,1.9841375932327692,1.1304753336172984,-0.0431829853022941,-0.5638115911550097,0.13431605726375534,1.1619393557956814,-0.017326430611175673,0.04041665081920027,0.9822390660162262,-0.010268569999453163,-0.7487026953611716,0.5878881712410655,0.3677241656698296,0.7696370628588818,0.5004935724814756,2.108975105278046,1.431197569249151,0.5763821251129194,-1.3733484731409837,-1.0482914540530424,-0.5080871734250745,0.3684030593917105,1.0850377376780553,-0.21632496871703308,-0.39118965604834915,1.782698263681714,-0.09597114970755921,-0.36930807555756506,-1.21220762167403,-1.586403464295384,-0.22245511597768639,-0.3733642562583079,0.6351972667660946,0.21508532308350775,-1.2364617528058484,1.0202308270793272,-0.5418339080906475,-0.14083516413394392,1.319983071645721,-1.3759211907311748
DCLK3,-1.7166212711963742,0.8739022720010113,0.20410081930551194,0.9049365259309682,-0.7227213167549644,-0.8442063962112688,-1.798592938912972,-0.8928429881315126,-0.4870340938148608,-0.017228846541246026,-1.5026632060928171,-0.2134099610208999,-1.8397483736385178,0.8196957643614888,2.2104020885829736,0.25805546453566525,1.4549101389395762,0.8366945938763624,0.030695442811813307,0.6848586350328955,1.9109609898317037,-1.4050279723577204,0.149871257268641,0.9004659220588915,-0.15594223429871146,-0.6978615470388791,0.6234067708284402,1.6417824662720721,1.5341808792269767,1.3227463404728184,1.4665260122938875,0.28904285783794,1.2955924569322252,-0.9844708530102608,-0.5570471775805663,-0.8255657525590939,0.11957899011530121,-0.33068436952243496,-0.5675540679426154,0.11069179955640175,0.1324341352512403,0.5384157140927054,0.9791253405475095,-1.0695802263298977,-1.0145897768600984,-0.8051167713853323,0.3134921710955942,0.4573320763243282,-0.005148775088379889,-1.0770157999793002,0.4724626520724928,-0.820194542020468,-1.1797079546831686,-0.009677187407610106,-0.9961061770775004
SYNE2,-0.8952515592022013,0.23329928711310846,1.937338186665193,0.3990245947967449,-1.1108131198788138,-0.7332713323094704,-1.197689899876432,-0.997058183820873,-1.1093097036793487,-0.9182160184004952,-1.5061594223329637,-0.509925013256305,-1.3085428934763959,0.1361416533008388,1.7093178146699708,0.9459234359041488,0.9454726367619476,0.1364629441383115,1.6767103384082929,-0.14936749736786414,1.497095171244003,-0.9741120634277634,-0.01894924335940993,1.1832890856866882,-0.7949886257118851,-0.9201993105657846,0.025809136328528007,1.4072736699001913,0.7652959238322752,0.7523276376457091,2.782204357285251,1.5623079328286629,-0.27853051541494145,-1.4444221503181682,-0.4048433625967169,-1.2416279418932716,-0.1501775739112281,0.18967278535597568,0.06356235682127838,-0.5182792670007325,0.01600613377854506,0.5579985486309614,0.009267743111614291,-0.8325757722296742,-0.6149466827880281,-1.2351167493280464,0.8334877698889287,0.7301968639376047,0.2722096075794364,-1.0318907341935923,1.2242012570922876,-0.6327051514450371,-0.5798299721211579,0.18860516543827688,-0.07170227823821868
KRTAP6-2,-1.1180298128814516,1.4870092271229796,0.5730725284035673,0.4649276704371962,-0.8356043575934987,-1.0460862415192398,-1.283588849358568,-0.8309228428949866,-1.024390862086124,-0.8922128413461582,-1.56148689334509,-0.11386980206564487,-1.1766514382667537,1.884704436553263,1.3105184446639149,0.2850000798598237,0.8317441046879444,0.746044594962126,0.962066103852786,0.5081958489994555,0.13695095611808897,-0.6973690179598587,0.8490049114508871,0.7841660832668985,-0.4994263955221252,-0.929122620024007,0.2860952756446447,2.7097058201736584,2.497330435441511,1.0605423333542585,1.6406856227361921,0.9421940823293183,1.1187649199421719,-0.858665570388816,-0.9328502435670833,-1.1570732423661123,-0.15960730970630774,-0.5625168989786513,-0.7058218271426943,-0.43464063781413537,-0.27518298537673286,-0.30344267877023395,0.4726680651049729,-0.6077268164797217,-0.4256125527581293,-1.1686655608234093,0.35570499803262434,0.4452805485413541,0.25298053916251123,-0.46514506134169914,0.1997003711013161,-0.5519047863893264,-1.1583501433215297,0.08766743672973401,-1.1167571485850736
SYCE1,-1.0909018941438744,0.4793659461574959,1.0320562817547188,1.3489278397927824,-0.6149624418976132,-1.0296978004112318,-1.167155955693447,-1.0417410860695522,-0.9585559096063713,-0.8373069991125796,-1.8953934652845146,-0.5324170575391611,-1.4750741662867257,2.3724574261218234,1.0577341621797267,1.1266586066057722,0.08560361572960132,-0.030420951671775394,0.9642022757924356,0.5569945668155944,0.47907917206437733,-1.1759132300985604,-0.547820815722447,0.9773223729481525,-0.9737974327925882,-0.6649244777713669,1.7611153890968456,0.768018614760457,0.4126944327395205,0.5454381599309857,1.6476548633692791,2.949734522048839,0.6047963353485116,-0.9191904027736394,-0.48023685121075116,-1.237341075219718,-0.4450214960496044,-0.0978280263196056,0.2895445456549304,-0.43001900158734824,-0.37038384178913136,1.1857273110069593,0.04369233571850198,-0.8850097126915341,-0.6090073568269562,-0.8013673769649963,-0.09971952128666234,0.6463843412678121,0.6937688287104489,-0.5651797506062517,0.3824666244419049,-0.1518271267018785,-0.4176688816740628,-0.0435289194235319,-0.8220255448300765
MIR320B2,-0.9206525004698248,1.2299246815996778,1.1264385373980812,0.024987612586942817,-0.6404115632255961,-0.8861532783309318,-1.4513384344339921,-0.6500485505003842,-0.8459145377650823,-0.648781813845316,-1.8226335981088655,-0.4898771132381179,-1.508986213551951,0.2734469969150807,0.3666767783707417,0.6314665895213566,0.12741911336005213,0.5413251062028682,0.4815656934570548,0.9579116041477136,0.7263024110456257,-0.6944038278775089,0.830859832040222,1.0225717048724323,-0.5520715001667628,-0.7230516004065599,0.7793355871862906,1.5249230870578636,0.6673789210128552,0.027094467074570052,1.8806589819129333,0.10319805770919546,-0.04202440961384326,1.3401495514317434,-0.6655293279302222,-0.9363410458353824,-0.25650893763898874,4.271250588059976,-0.8848933278766855,-0.15193740689517415,-0.051974849697661224,0.1271606248174722,0.04084020379816735,-0.8232107490791422,-0.8191764880773035,-1.2107355037830656,0.022480343850217493,0.32449449970882804,0.5803969725392801,-0.6532357939131511,0.16613539053976953,-0.426468362349502,-0.4527144087788163,-0.1299027010139312,-0.8574160938132714
PPP6R1,0.9378873919195833,-1.2137023922849364,-0.9671819515005886,-0.8471667447551089,1.9450574046223186,0.48807455260295696,1.0218830370922682,-0.3411136796387467,1.0768314191247943,1.688591489451044,1.5499266929719957,1.7308730300257924,0.4312816096386466,-0.567286383953481,-1.3356636874271692,-1.206630376809578,-0.9118642480327798,-0.3878160008463394,-0.5350970012073497,-0.6587082703987099,-0.7542824184596246,1.0093456245907477,-0.49216875825836226,-1.4931662988903127,0.05388617476755924,0.23080891593429384,-1.0474778546937313,-1.0282821706700038,-0.07292382658774003,-1.2097228078088282,-0.4354463566896705,-1.0265819616207024,-1.174919076853052,0.8399210049919746,0.6445484254247315,1.1250098002868354,2.184030903793616,-1.285019203540156,-0.8413475108448324,1.8083390372268895,0.39905108195958755,0.04518220209859428,-0.692793773051415,0.9448039790034792,0.3401694644646903,-0.3327931580695157,-0.010403417599704465,-1.200196756306325,-0.3032511192384036,1.3126366369560034,-0.5062247082993263,0.14064933672935345,0.4569044086307511,-0.5350970012073497,1.0086352912353298
ZFYVE9,-1.726319342765017,0.6515866214796667,0.810612263165081,1.5819048273403729,-0.9606469877203834,-1.1952454714178753,-1.8248588040301625,-0.8349343746125756,-0.6954948432165631,-0.8322778598301547,-1.9876804008906137,0.028213275459934493,-1.8951522228318625,1.7502036074630496,0.6980704871446017,0.3712476767700284,1.691364935399345,0.27258761900943684,1.484930771232209,0.6781668776944646,0.9415938068000258,-0.5892559555917714,0.11682144956613814,0.6374680526128005,-0.3581801949761624,0.19427922454290658,1.3040422739247894,1.1897012688219741,0.6111812339154107,1.066997538050102,1.0380461816399127,0.26454099289385324,0.8123368888643537,-1.377577807531305,-0.4112103036525091,-1.3301614981087837,0.2461248478787534,-0.5340274529222465,-0.6220712960898402,-0.5441806377911779,0.5242491677146371,0.20865543798535544,0.4554835011707138,-0.566936030191844,-0.8573688869116399,-1.2488078799031694,1.01514492849944,0.25535765392905907,1.0896301224053933,-0.9371326491431307,1.4254877720675954,-0.04686718287686049,-0.6528944258300103,-0.37419756902979434,-1.0125512275758974
HPSE,-1.8963353853332316,0.7804887089741893,1.1208296593135112,1.2802003766164152,-1.1024602127073322,-1.2204976712253852,-1.6397233855443154,-1.265722837966886,-0.7234880249531437,-0.41224407308934774,-2.226599705193782,0.06715465345356066,-1.344284071244944,1.6723128868209947,0.8964914227059613,0.2014727992903715,0.8840825514587305,0.7437991035850933,1.613969686958666,1.0472448464961093,0.8049153038270519,-0.5704956887286508,0.18369383818643123,1.0742279231528682,-0.33319409280480033,-0.7840333654159262,0.951830506147681,0.971018136183408,0.8759365342739261,0.6242067789464817,0.9390134752281627,0.9328072529456995,0.7436022806328393,-1.9265402134327372,-0.7948194543666287,-0.955250773856813,-0.013603449913248992,1.7162994116038022,-0.6867048601476556,-0.14390612963474586,0.5699743281851335,0.4104811671654268,0.11067680378151656,-0.23080244064048083,-0.34067098393877865,-1.5051395817713809,0.5398787922982988,0.6504302563909308,0.6434508298433697,-0.7174825435419274,0.25238931146180993,-0.2947612410927986,-1.3202027830906784,-0.3033759677671003,-0.5505406885256855
TMEM170B,0.7086265499249799,-1.0044757694481905,-0.7616088175500342,-1.4478547506306427,1.1441272066448496,-0.187136067221221,1.2058571515741072,1.302229448795242,1.9904828310725577,1.3358413791082504,1.6810251827617277,1.043996757980323,0.8299475555010483,-0.6958306594372495,-0.8369330260448468,-0.8646665577701795,-1.0228621313005597,-0.1923621967021839,-1.746261073409674,-0.8970092636932419,-0.6770789229171378,0.5195636022164555,-0.043286636602059746,-1.026613631584102,-1.4028819250610554,1.4794025872311298,-0.8730059374159755,-0.010944119162338091,-0.019660976963389167,-1.2289680820889286,-1.9462222117670702,-0.5747419474101381,-0.7885770077383427,0.749612190441847,0.7623583568145792,1.2934451712021673,1.2801799241762903,-0.6062531236204681,0.6905421487228852,1.053121682727363,-1.6741425652538058,-0.16230230334521792,-1.1151361948399996,0.31254418005271944,0.9196949455157745,0.9381428513308003,-0.2076150035337016,0.025194901661359674,0.01833779494211787,0.5788638575285857,-0.4154416084189519,0.658734704264711,-0.6938468784039854,-0.47081590990665373,1.07266233704945
KRT26,-1.0937607746883566,1.1381962761693585,0.2638222017129301,1.153548347115181,-0.48794624153729854,-1.1685291445058261,-1.3841333180097077,-1.0537997413015534,-1.0820571504268242,-0.7656098448102374,-1.2401719470600852,-0.16910819113567777,-1.3033609276025886,1.7472458467122576,1.5195131555939736,-0.4916776081157552,0.8186205030297623,0.3201233894964643,1.8982928944285273,0.6674914178367898,0.8845943622904712,-1.2819710490854435,0.4828982818847315,1.4595691315765476,-0.17427649741522977,-0.8124590938137242,0.6744345644331124,1.5295237870032634,1.3350223772741163,1.0126747635386857,1.3958705300046736,0.521190677346864,1.8816522732461554,-1.6802376839490412,-0.7485139323718728,-1.2099158012733318,0.1575752509935059,-0.45293445625288414,-0.7925069811215673,-0.482031050127265,0.3228578821284789,0.09711295222113817,0.5509442312154688,-0.19182509746046,-0.8563697414883829,-1.4793872809274444,0.7382234980861798,-0.0023365923745187023,0.09385597621931462,-0.810179980556835,0.8873109422156527,-0.8292040118193067,-0.8370155475528169,0.027394543590185106,-0.698240370579727
NADK2,1.921906048870952,-0.24678889971811666,-0.7986541267943987,-1.2799257740794068,1.234288798371695,0.7149953783396038,1.5774823115356664,-0.5984905132293062,0.22124772689816105,1.539970905293585,1.3295066070305224,0.9893821527525636,0.3296371951684554,-0.7715888046789386,-0.958084795335318,0.5171399420825361,-1.1421524482800185,0.49529420460588713,-0.2567081934593124,-0.6167861076436301,-0.2020664057875395,0.9751099805887941,-0.5389554601922405,-1.2652425358859267,-0.27542137968493746,0.6747445999864098,-0.7151132112935606,-0.37520886288319305,-0.5550454017379,-1.383157325175885,-0.4887638603003839,-1.283730783115449,-0.47827902180204124,0.4091141272515098,0.5516822675746165,0.800185641213995,-0.07726036328598232,-0.6441292779070293,-0.6739791936370501,0.4888464852895956,1.677539303130896,0.09017827348853323,-1.3913111243093084,-0.7891472640161336,1.3881811216789333,1.1085621826608527,-1.282997326673723,-0.9298736889670227,-1.20716870151988,1.6402933897383867,-1.3180623228728392,0.3780754819194915,0.598096736639387,-1.2232182061720838,2.1158505183275285
PLAAT3,-1.2675429217462897,-0.06314460678634083,0.07129298236683343,0.2947862452073458,-0.7730578084913007,-0.7328308356942757,1.1936824312547787,-0.9423729782439006,-0.8994961897001033,-0.4640325278723701,-1.4714635812780126,-0.12490971070257328,-1.3296709027191447,0.14802732472052776,0.44845411957353853,-0.20998224702536822,-0.11809438086925281,-0.15206607198743416,-0.06170409514322677,0.20891817588339112,0.16221454714965125,-1.0439724272678559,-0.06124224004296896,0.4105217544340946,3.352017285624323,-0.5156503038531305,0.3024858715733577,0.8704067243981016,2.4494203930457785,0.17527388352879644,0.9007907034967073,2.0939207681154097,1.041022977273731,-1.3727285435879863,-0.571988310197107,-0.21944709499038464,-0.08901945890779792,3.0975242298812438,-0.3879563504267824,0.524710302003033,0.009548152772531359,-0.08416532469649093,0.03341558088421503,-0.7515640793705513,-0.8595747824743696,-1.1883683310400495,0.349777055464139,0.2013657479737826,0.13496249594441614,-0.7143520557692222,0.40546430153900254,-0.6890776117568409,-0.6332549006484456,-0.19703859493814516,-0.8902347858809918
ESCO1,-0.7633972951026224,0.8357846919626932,1.1531925087065757,0.6748712339929207,-0.939572801530034,-1.379048722304769,-1.5692673887113056,-0.20088366370633412,-1.2043920899319778,-0.6713989351584106,-0.7562899874196489,-1.023867978600599,-1.8539597045108602,1.0897881042032063,0.3864511619459552,0.7185953338440144,0.4650738270641424,0.39360102559385335,0.8023263040869746,0.36679708218155643,1.9036224675689604,-1.5340001524304874,-0.1589181219542798,1.3179429369044102,-0.28994397927609505,-0.7653286459793234,0.7764890586062679,0.6982923733348866,0.45094139001265526,0.5318477321380699,2.6208464915944845,1.1455760811937679,0.6164297740721548,-1.5630777684648625,-0.936014522934593,-0.16658892709018763,0.07268126481529506,-0.025086496544824772,-0.5540439903870803,0.01258474268169189,-0.15510027234372947,0.6726144894692128,-0.05664127447544461,-0.7667236097877803,-0.888017172831448,-0.651233125929362,0.09722365987109353,0.30499407988616156,0.46818585026584847,-0.39671452667732476,2.969907037151054,-0.7980414330287549,-0.6461424154810765,0.08167215853888848,-0.9146378590936155
MYMK,-1.636234062395505,0.7529899903642698,0.8926424640013043,1.5509781187507437,-1.1342647936220858,-1.1559465646210525,-1.3426039956264375,-0.9503386733074528,-0.6012289862880217,-0.616095709898938,-1.4766628028084814,-0.6233700850819107,-1.395435931763673,2.0252569902708437,0.7057927628700132,0.9110777465703145,0.5887937165135307,-0.15684439919739349,0.1355468030728824,0.43574832306341477,0.8494963859023634,-1.0990363020380614,0.20950905236995737,2.111410395089904,-0.7478057978878973,-0.9307283981340343,0.37389699118213393,2.0154800154040826,2.28056188532485,1.3891998130336312,1.5516654154580247,0.6391142642960593,0.8444038964884809,-1.2858050360439843,-0.6721753218485064,-0.8286261763453843,0.06438335277361203,-0.3735489771008652,-0.26257802293743204,0.19196404816680518,-0.000857192164053135,0.605650453430903,0.11267963094546073,-0.2302796605515165,-0.7854180028259428,-0.8591392125986081,-0.21375304978283827,0.7520644326589785,0.3291662398150175,-0.6915243624620875,0.22052607071964386,-0.6690759238909748,-1.1709562696637232,-0.043796863930128015,-0.5858686837202695
TGM5,-1.1042306596822116,1.3132429230565634,0.7663858751461435,0.3443697228443166,-0.4556226402923535,-0.8532025267381526,-0.9779234472459756,-1.2021189942897357,-1.02701937713535,-0.9013596831077005,-1.7838998533150998,0.11589919400550815,-1.1036010230533824,2.0179763206231156,2.1666739806434157,0.4877593881017175,0.6835719622997799,0.14995246216910563,0.4317112992603232,0.10937445206568369,0.8932283838945047,-1.2630456296541461,-0.4374136739139744,0.2560153705610522,-0.21469572497413603,-0.4908461825974017,0.6826829461246113,1.2794358579726548,0.91128437265474,0.7831013495485812,2.560697280475226,1.725910952570777,0.6306730765224697,-1.8751184546746047,-1.1218262417303153,-1.0383590539909289,-0.26176075524615483,-0.31866283849980925,-0.3460088022271458,0.41697729047485743,-0.40230038722720707,0.3739173967079071,0.8537719406358901,0.034668597231439315,-1.00657899600764,-0.9500431370771522,0.5689721223077397,0.05415483054749652,0.27639518218491255,-0.6374582754657407,1.6035116012232677,-0.5281872071084334,-0.8906756920849138,-0.4773330539543317,-0.8230238205597866
OR2A20P,-1.3378835131783484,1.2283428571642276,1.2846846188068215,0.43824260173656016,-0.7798990739603858,-1.3812079264286836,-1.4908644418940116,-0.7759621112456506,-0.8808932944965508,-0.04267562883254278,-1.6921075827081102,-0.690046162705189,-1.6172912823723917,1.1631002399282104,1.7785961501661625,0.22369505925478786,1.3957594190405014,1.346370792743306,-0.1999756246920881,1.5494688106702006,2.4393839271547826,-0.6770314651184598,-0.12704147512336722,0.6469699429486432,-0.5274923026737536,-0.6986711739528201,0.49496511408199806,0.8981603059857649,0.3840246922529007,0.8578108710549359,0.3497953180687395,0.4326331233276006,0.7280366000812587,-1.0197416226705096,-1.0041840114195089,-0.9512972884482995,0.006878472592079388,1.1996579922084578,-0.7531708331192043,-0.9050767934536252,0.08225053831181878,0.37514452147504657,0.174227598974435,-0.6677945545225306,-0.840593316620912,-0.9671527923820095,0.4567263292301952,0.9225667433015284,0.3233413201116616,-0.9225378074656307,1.965614194687744,-0.6303419228855731,-0.39539447639016717,-0.09993713509376619,-1.0701825415062742
PPP4R3C,-0.9881301870055453,1.3138678453803168,0.8410935319439922,0.5968635083731618,-0.7451549102835338,-1.1200699622749204,-1.215328245330975,-0.9625045732086674,-0.6705597234742304,-0.7113619408681161,-1.3827672400916662,-0.43095200153342417,-1.2016746509651977,1.2545474098423908,0.564068367497371,-0.09254788787902063,0.45861902391089737,1.3129154855589276,-0.09326076691699174,0.8484839543209192,0.38974372307392713,-0.9991885608742814,0.023918326927799514,0.2957424418234778,-0.43340302830628036,-1.1337620085733653,0.7275478775667154,1.183166414887599,0.169617904158772,0.7109977422746288,1.4591610311855405,0.24076513677218042,0.5146188168927791,-0.23989202188997671,-0.7299341852236304,-1.2456649580572339,-0.11521782427563601,4.560208929984795,-0.2630263370698692,-0.18834579630629575,0.2050389005891942,0.16496227634189833,0.43030279470848803,-0.4141166904223721,-1.0938378399962347,-1.2792935594444086,0.13090619600638884,0.03119527357172221,0.2583217579081286,-0.4170380953150453,1.312497181181854,-0.6537180642073223,-0.4901823749459766,-0.08694664912357145,-0.6012917688200679
CIBAR2,1.339650662339569,-0.9374199745886483,-1.126549731745579,-1.2047765300209174,1.2639416151421574,0.049684687455717594,1.181664258429771,0.8854935804579473,1.8620081085165907,0.4684133365315874,2.8375748696803242,0.23647858101731387,0.9188349134918783,-0.423977315539298,-1.0437135207709178,-0.1363380393145861,-1.2451314414594772,-0.3149194122200799,-0.8273077880780908,-0.4646114062506557,-1.483252058608527,1.02622012923326,0.48456670001898483,-0.4761605762186995,-0.15946795630663826,0.0845603209460604,-0.35854276016223346,-0.506262290588467,-0.6193372426125452,-1.124756610175394,-0.28719907970867653,-0.6634041594340663,-1.0262412598779957,1.2512527431776252,-0.4193514658747081,2.4455563906911606,0.010672431676383676,-0.714021417745553,-0.2158302415596699,0.0333462427852684,0.08998594873599206,0.6273395222514228,-1.4127573312597717,-0.5881530275338679,-0.3400921196092938,2.109690773704246,0.18568806492874698,-0.9855004470688485,-0.22070512450895832,0.05474452135960239,-0.0018458401794216775,-0.9010392589861568,1.0519748299743086,-1.228643708551081,0.9579659040129098
ARHGAP18,2.160920408903868,-0.951830197601966,-0.702327630292575,-1.1352646167987195,1.891414903495479,-0.44420235258263424,0.8240818333726367,0.3829780539094412,0.08569842593784693,1.8235880983552568,0.5815564616888161,1.784349235186326,0.16110168378214287,-1.2678234803570463,-1.6399559560874875,-0.021962777396247326,-0.6966194007054664,0.05642777600678207,-0.6577721267069456,-0.4284456670335149,-0.7604214845270924,0.7191277915834802,-0.7463848703293897,-1.2545716552655337,-1.1049638832514934,1.1261533882217032,-0.3945178156023383,-1.454715131526389,-1.4338158289070602,-0.7008678913196457,-1.4458338719190005,0.16030695033092326,-0.5281840036468127,0.8945999447997814,0.08211274021041244,0.6429817115244268,1.931895525840697,-0.5728315541613617,-0.3136231290064117,1.738811164301423,-0.3077105045809037,-0.7021881298986108,-0.7893183831232936,0.7383040965708614,0.21807401199748994,0.8179876610624924,0.0790099381894714,-1.241445218234546,0.2348971965680067,0.7810684722505037,-1.0739678341757029,0.36247192250202875,0.701047899230834,0.4698092584342416,1.320788840780801
MIR612,-0.8539027248751647,2.1425927163547964,0.7514872166133707,0.8312684916575317,-0.9001632703001553,-1.3158857534089414,-1.6195265867846758,-1.1526525577525097,-0.7717636225972996,-0.9212162133714447,-1.7842956143179876,-0.5107874694920513,-1.3104848476784356,0.7970848752805719,0.5925775571897904,1.0176925637792185,0.41736478126333026,2.2896287954976997,1.997147590854418,0.2776308318369089,0.9088902240831019,-1.26970173263706,-0.42179018525286266,0.5624329630128924,-0.20909268447961687,-1.3296192409487144,0.5067694662774548,0.9341332352810342,0.2280874479465261,1.4179955228514984,0.40474573662402935,1.6367864335460842,-0.10107867455524798,-0.3302612214809474,-0.5146548301836621,-0.48386055439307973,0.48809936298901313,2.046959404525824,-0.7203954720564228,-0.06096361681951565,-0.10236478835923762,0.40631554649194507,-0.13044258081609053,-0.8303980009743015,-1.0253169753330391,-1.4515654894038728,0.0962029773089841,0.23106638311058245,0.2509934474847919,-0.7793398898219371,0.2057434643862943,-0.611313045386169,0.9124091856233973,-0.198472689600734,-0.640795888789921
AMER1,-1.1258747453901716,1.8340105248708596,0.5717279395320718,0.8156368736222447,-0.5192249573480987,-0.8215526487430311,-1.5892875077475748,-1.455888018975096,-0.7227392556287453,-0.43140013920781484,-1.2971832525887488,-0.768234088818895,-1.341134406809891,0.010024481562749914,1.127576609238624,0.26641873008159794,1.9211853805970243,0.35114688177828146,1.347249668539921,0.4930218205566974,1.3625823671382904,-0.7579047720598464,0.29639102514734605,1.9122440359723785,-0.6243755616265103,-0.6961951477228383,0.09949801437859375,1.4189150104658759,-0.035902105166632066,0.24353049109281452,2.229892236279343,1.0697469976238092,0.9634710549930495,-1.5287584322124492,-0.7498965291609336,-1.3723708304513798,0.18422442125780694,-0.33902159836201323,-0.49139975706617284,-0.17659547557522356,0.2419665761653441,0.4027944576717435,0.4691013545147434,-0.7296772385494451,-0.9760928749429052,-1.024313300314912,-0.317991552949941,0.24924731221807492,0.34735948810778416,-0.6704216180735888,2.1440986093629073,-0.6744745104703146,-0.6160990133077053,-0.001202952154360903,-0.5178500713447718
CALM1,0.9710350781055165,-1.2325840143384683,-0.957014437673045,-1.1519460135978412,1.2218308969073601,0.7836063105171303,0.9583502414593102,-0.6247291332506663,0.8838906246872196,1.7180282896367107,1.1078825148205296,2.4753356559479656,-0.5214055214218563,-1.0261197062790306,-0.9356065565917215,-0.47528415618716846,-1.0474019648568766,-0.3906052397817799,-1.0931780412901686,-1.0056450766894516,-1.1341249967802975,0.648811896107308,-0.19800519143486273,-1.241600423518851,-0.1853775680841427,0.3205921709337515,-0.41931178533878954,-0.2905940005305737,-0.6141699972302077,-0.6156431433043859,-1.0662772174620163,-1.3546885999648663,-0.8363134467745508,0.3896573088156817,-0.07603609005909008,0.582729964248355,2.047239332027239,-0.9339558322170577,-0.9963592873752631,2.1943478889312256,-1.165155391547826,0.3287330335402614,-0.005421015328087957,0.4405591769054177,1.0759511078105028,0.5029881387580877,1.499073403815016,0.190229091451295,-0.22319031277205215,1.1585566055478196,-1.2462692427202138,-0.09131385437379697,0.44578929552109264,0.2970866620483691,0.9130225702318409
OACYLP,-0.9897210221846444,1.5806154266108317,0.5961810011614993,0.7043165551368245,-1.2961986353596608,-0.07251310405556655,-1.802496028839078,-1.1689622514556839,-0.9646869842124307,-0.4017323087536136,-1.473655610452558,-0.11306798352707145,-1.4782565021092924,0.6914948538090256,0.7691631624844567,0.17868968672470517,1.322412241544148,1.416870430966336,1.091359394016291,1.7227793486538576,0.11537213117710123,-0.9941320039600885,0.22849397183565492,0.41991317746440004,-0.17500212726446668,-0.6908900785837323,0.9353079257408281,0.6917916746992351,2.189433866764504,1.3555089208624282,1.289642798909225,1.749126607398395,0.5975847340516495,-1.3805744762950678,-1.0605769211979315,-0.5419199107043918,-0.4205743861247868,-0.583965623358282,-0.08399835686731205,-0.34961980844682344,-0.22091851253627967,0.02347216618355022,0.7417582680813806,-1.2325022364604876,-1.1494265979347629,-0.7172203246318187,-0.2767829956605601,0.570769942651792,0.198820370060151,-0.851200050006296,1.5425718843860767,-0.4727390368172282,-0.9450404010163697,0.35671454769446653,-1.1717908102524859
RDH10,2.5776243793462656,-0.7661114304948066,-0.3311743583322967,-1.0714718115852766,1.1381871782523452,-0.001773900083759942,1.0991854207332954,-0.5462879243101598,0.16750838258751455,0.8436852553382419,1.3489855956238428,0.9048046737473056,1.1435161437685515,-1.185804430633594,-0.5175468033333204,-0.5107848793857273,-1.401323970603153,0.24672149361232412,-0.8781387766661957,-1.1966562356161643,-0.7746614046768994,2.5565001750195515,-0.6100816340699386,-0.737627206398698,0.5043029705514624,1.0562720172493036,-0.38277660256930673,-1.098592855715592,-1.2942854490673512,-0.6908782528489257,-0.3632934763319384,0.2376366353373644,0.04000549048124913,-0.20441131566491594,0.28759935500543987,1.1591577690245218,1.5905228603406536,-1.255525483699043,-0.608955994257917,1.357562498643439,1.3611536152305368,-0.12683195635620031,-0.6286828461849577,-1.6610415001533045,0.8705270703363189,0.8337277793313701,-0.46859677838682634,0.22530458199569028,-0.214188965897527,-0.40551522085842245,-1.2464161765177144,-0.20325401738763899,0.8414549351013862,-1.2745355227762867,0.265280904205891
AGER,-1.4711222456213993,2.65356890015523,0.8187272829581003,0.4139118422935766,-0.8567738099784037,-1.1264121680414059,-1.530774948694384,-1.4474583396747596,-1.41853206722354,-0.6212249442428817,-0.703106016420922,-0.674971323213085,-1.4632736446744878,0.6984216836214807,1.0548355033642838,0.5436985333478682,0.8328379661549342,0.5249676665053238,0.2826827734097318,0.9117070198183306,0.6761165666761582,-1.5856883314336787,0.7571772684624206,0.33328431488670307,-0.6748464954388115,-1.0812108643200282,1.4113838240787409,0.6869437644410051,0.8553602470369754,1.2234096276114452,0.6418443166560827,0.4539695210106117,0.7277857359848623,-0.04682970322855974,-1.219698116297226,-0.607444257231853,-0.6415524697266625,1.728221821704883,2.482405869313793,0.15446015787097342,-0.1987745098318759,0.30503013330502976,-0.04548031500703064,-1.0769489714475429,-0.6007777625399404,1.1036144524046465,-0.08644625163014719,0.029551666023932967,0.28397729763665003,-0.7284800840360312,-0.01091222667303064,-0.4524807146302884,-1.0624736005283226,-0.27239226022836566,-0.883809314719106
IL12RB1,-0.2462770045674635,0.7545896279600276,0.36340895638524096,0.4397045026377718,-1.4117002106044747,-0.7656132339775543,0.22585961380710898,-1.7582249139496955,-1.3599294710285217,0.10495080299614258,-1.009214733067705,0.17712703514051983,-0.49042201408980596,1.4759774581454692,0.536839051260199,0.8863267767543227,0.30577498396156,0.2949688655998626,0.9226428616026943,-0.4739406984540568,0.8445017468509618,-1.8633385832406968,0.45803985888557297,0.32981279901988675,-0.6275417885449708,-1.0189153800084878,0.6966912750281677,0.6880611613791826,0.9693037781029675,-0.029738336108476877,0.9682300822743279,1.6493356768394236,0.8671656171778394,0.08433052656953365,-0.16932292418416223,-1.376346335328658,0.8051985836008639,0.8771292272743015,-0.6083279618382917,0.8566510305090135,-0.4807435518356139,-0.32629566486076234,0.6711178571381899,-1.3867356496966141,-1.4110088355511372,-1.8689667992020227,0.1527593504379992,0.3901067143116611,0.27518579648734903,-1.082355946879488,3.391497750814517,-0.7305119644424759,-1.011500080336963,-0.35853090103770496,0.40221361388316723
DDA1,1.6615352774067202,-0.5021936353957637,-1.2315191542521124,-1.447594769244043,2.107869344676842,-0.2564307698993211,0.7107066472168196,-0.22455975823074978,0.6460619858257524,0.9866618952252195,2.292507344915567,1.1423016000880715,0.6219366611237874,-0.693515786111515,-0.8171461456308622,-0.4567866697904484,-1.1243922941192732,-0.6559176660765531,-0.5529225917483849,-1.200162469567404,-1.2688121545181645,1.5442697526027576,1.4681240321434752,-0.8768618546977254,-0.24924564257944085,0.9825331758880137,-0.49156621465411765,0.6924777351508141,-0.28575108388275927,-0.5602346588619621,-1.134368058732992,-0.7861935271883136,-0.9681152942662907,0.45253206166556764,0.3710172594861134,2.046816944122054,0.9659943733574834,-0.8337834363556716,-0.315387460741499,1.2387708372181534,-1.0075166992151514,-0.9299652515975947,-0.8030454943134685,0.6639190784894833,-0.1885193054572421,1.1925286984112335,-0.026867527772203543,-0.8523088369696018,-0.2657978722591732,-0.31895094868586077,-1.061991654798188,-0.6872878592535767,0.18109213330931015,-0.42356894669712297,1.5296246552413162
