fov,MRG,ECM,n
1,0.08984278870145246,0.18160758266031973,1447
2,0.04380197141874059,0.052159836421222745,1482
3,0.05618287553638231,-0.0001598707004778778,1148
4,0.08544827252148514,-0.03147743603275857,1018
5,0.04222057501859147,-0.06473384723854196,1142
6,0.11276901577473106,-0.08499755232535222,994
7,0.08351291414001077,-0.07673018717304952,1041
8,-0.02644194806411166,-0.008759159132606237,1434
9,0.07687009299209571,0.2258733623601163,1912
10,0.10232396657544597,0.12333996557354387,1276
11,0.07528316030067989,-0.05655991633096959,1137
12,0.08894035735194843,-0.05091143724859156,1070
13,0.09468858652713408,-0.07433986797446662,996
14,0.09944996397037698,-0.07019909810736984,918
15,0.08080107779131454,0.3372989373143028,1677
16,0.10131751603552767,0.4109747501910664,1900
17,0.08781869374540566,0.052209633348424725,1420
18,0.06528984080147568,-0.03437989207731071,1185
19,0.09465337278394738,-0.09211072007809375,889
20,0.12694000571339184,-0.0663474181987411,850
21,0.0778354229446897,-0.08866907346984061,1019
22,0.10822851178341125,0.4383723164525984,1647
23,0.127148517613153,0.5754232019555208,1939
24,0.123010179709385,0.017050667804526586,1083
25,0.05583595289160646,-0.08259540620750089,1009
26,0.09728332798808116,-0.06493601437951275,961
27,0.08326371647332553,-0.020560182717874353,1209
28,0.07153336778303422,-0.027843218996058353,1014
29,0.09569717144874343,0.28704267754446566,1630
30,0.07941814259768039,0.34508521214956467,2126
31,0.13026944824996622,-0.01082116370715197,1188
32,0.09843279552954919,-0.05831606720319996,957
33,0.07322311679689514,0.030827202856876734,995
34,0.10419284020296385,-0.016708570419895312,1249
35,0.06609965460554405,-0.11003962373116358,1052
36,0.06650156113624783,-0.009061044814865107,2170
37,0.11872439665317933,0.32731992076393085,1959
38,0.13199600148643148,0.2312562535192173,1690
39,0.1178911072428242,-0.030062664201200115,987
40,0.06416564788623863,0.06210921969616578,822
41,0.10384114080486363,-0.061737165770039806,1112
42,0.061357837790715346,0.022972927583051056,1133
43,0.10633983396527984,0.11962119128128706,1618
44,0.17626291768183486,0.43065391821824933,2021
45,0.11446926957953396,0.2577041531423794,1833
46,0.13638393397529663,-0.011559345613418823,1273
47,0.04616611171787666,0.1503215495050881,910
48,0.10296650641894958,0.019076488802311845,1122
49,0.07119700349939427,0.040371700932872207,1116
50,0.10530423839185976,0.12555574891955715,1709
51,0.09392507822269856,0.41886314423429055,2239
52,0.10342942920754304,0.23993905924488793,1947
53,0.14930532111203543,0.00025944527348726665,1349
54,0.043405557943721175,0.14502009162651355,1444
55,0.15862928208746935,0.004976612260494079,1267
56,0.11450706380369399,0.003487990427064128,1307
57,0.05633621024441464,0.02662013464898635,1457
58,0.011472453171486879,0.024407438492504815,1680
59,-0.005519657512765547,0.03702654759612055,1992
60,-0.01112298954022608,-0.030592249999792466,1379
61,0.031904526491793025,-0.08276291624177062,1303
62,0.09139768114329454,0.1182593083412744,1875
63,0.012594126285059952,0.025558709624835595,1880
64,0.049812478482424816,0.18193973319124107,2183
65,0.028733098359244372,0.22358772213376385,1657
66,0.03747329725034279,0.0035452270287172176,1114
67,0.07541496080035877,0.1679487759982527,326
68,0.06381994762909368,0.0813615822309837,2076
69,0.09112749718199187,0.32673474192588886,1369
70,0.06615940423555793,0.5013787481379532,1331
71,0.042464613282733724,0.2722203833103824,2327
72,0.07149082899653562,0.19093160042074223,1161
73,0.08897851429901352,0.1945753485415588,721
74,0.042796443127637356,0.15111813990041512,2444
75,0.05215648637285941,0.2819313635174097,2012
76,0.03408722453681989,0.1695483348327513,1809
77,0.04966236502934275,0.22099709070648715,2465
78,0.06929816156002035,0.12989931268227067,1487
79,0.10053604679560073,0.11761963594689644,851
80,0.035530853492805034,0.1462521878196551,2114
81,0.075203433267466,0.2680682073243275,2127
82,0.03900485314505857,0.1608275768514188,1869
83,0.05517136788596564,0.1750395051917354,2336
84,0.03722489537328488,0.007039490741755752,1320
85,0.0627630803756496,0.10636912329003936,1938
86,0.0422865322519357,0.1978058525476468,2987
87,0.05963528513332731,0.20227021272940918,2054
88,0.06302924341177978,0.26011616959689815,2163
89,0.04906302791967905,0.18282129438685313,2816
90,0.06291522645393308,0.096095820373818,2230
91,0.013700757113398085,0.056431624469884735,3148
92,0.0076610899495005765,0.05816889581879266,3826
93,-0.0020045610344966757,0.22974643532649594,3372
94,0.024494284226903865,0.11755326359679531,3803
95,0.013865480930738522,0.07997453154617673,3848
96,0.06009885713275567,0.07852806255731237,2743
97,-0.017076469795352416,0.08390500650846566,824
98,-0.0032645706481770915,0.04036413213407208,1901
99,-0.08127900197355617,-0.06639584085465158,1617
100,-0.010309548483211329,0.017421565679232136,1649
101,-0.0221743717670792,0.0021566645897075727,2499
102,-0.035437781189682216,-0.07623734107485751,2228
103,-0.06780421891388161,-0.042716965743498606,1500
104,0.0042189608361161155,0.0908655796350572,1563
105,-0.03864943745857983,-0.04407257597040293,2423
106,-0.053375976955274865,-0.04393092336397444,2356
107,-0.029969292528571865,-0.0395516256382392,1927
108,-0.036980724777720075,0.04266862926805297,1874
109,-0.04858934574356467,-0.06298963987802209,2273
110,-0.041688137239203824,-0.04216722179698852,2555
111,-0.010883420583378682,0.08474385950782903,1135
112,-0.05484308104939429,-0.03370773759201154,1397
113,-0.05899487587835244,-0.021740096871221446,2333
114,-0.07412509951099615,-0.07222977023250458,2754
115,0.0050816816937017395,0.12748382211565606,875
116,-0.02927194941588776,-0.10760621561146791,2558
117,-0.07488232589202343,-0.10058319549942689,2120
118,-0.03312093804060677,-0.019643252383019203,2148
119,-0.03646706751445476,-0.05566225195133328,1878
120,-0.05777288210490217,-0.08077666094422549,1830
121,-0.01642283980755165,-0.09109155500199975,2315
122,-0.0672858123676887,-0.11182576286952602,2497
123,-0.07984768285912275,-0.07570455031431653,2469
124,-0.06304192060137431,-0.05254835935249539,2296
125,-0.036438858175369224,0.02278017141204806,828
126,-0.02516423960620767,-0.06430849715901525,2014
127,-0.0608470553822211,-0.11130185398890646,2788
128,-0.07111071725618637,-0.07875341131950103,2456
129,0.015372958541949528,0.09277248132268641,1442
130,-0.014860047561428003,-0.03869151308710462,2529
131,0.007584576411894466,0.06148123243146379,1339
132,-0.013296308496690192,0.13642166717520252,1968
133,0.0317878757309801,0.10105762900179123,1730
134,0.027643531112395824,0.12665824743521603,1447
135,0.04598940609028962,0.2054044152405389,1147
136,0.011649781404317307,0.07897237664204858,465
137,-0.006943303217025171,0.28403520041797675,2477
138,-0.012296461652569212,0.11894594351183431,1953
139,-0.018835002793640927,0.008474548438223149,1893
140,-0.03054154651488322,0.05975510951628854,1565
141,-0.0038359144501335747,-0.03439902123898353,1483
142,0.02014875665839753,-0.04309975354936523,1585
143,0.007102784683132209,0.005061105478824542,1114
144,-0.032647407819848366,-0.09908763007149296,4239
145,-0.0036384070129227234,0.18644674838692202,2218
146,0.0011283892594074298,0.18500034760199197,1851
147,0.03731664574934345,0.09014875366600839,1593
148,-0.006522827684581296,-0.010126356899080069,1612
149,-0.023977965732851284,-0.014209633541768778,2037
150,-0.05544844688701076,-0.08754980207907449,1973
151,-0.040914948140901256,-0.05793277845419097,1333
152,-0.02271425927057814,0.1821563236230485,2729
153,-0.0022580660646688427,0.1207706698199808,2304
154,-0.004550943654180406,0.08868893654709506,1743
155,0.009363997765707897,0.14391513431586503,1615
156,-0.0050965370745501065,0.0411241404652857,1649
157,-0.04086966194391559,-0.0441316736048897,1936
158,-0.029211757824898106,-0.010643296131383023,1978
159,-0.02676691523820323,0.0013006063366257988,2009
160,-0.05037419684654114,0.06134878599076047,2689
161,-0.0063060983265805495,0.061809759566059656,2096
162,-0.011135254629110362,0.040978920787513855,1746
163,0.016687478378662746,0.09821895057343896,1687
164,-0.012367378311451573,0.030802711585963594,1781
165,-0.0018486231041845967,0.04426740422060968,1779
166,-0.004536287519798338,-0.049944808153317054,2112
167,-0.046024448642794716,-0.06619053838506363,1783
168,-0.028225871047642986,0.10969704721056717,3004
169,-0.00244982578989764,0.0736837222378996,2151
170,0.001266888298027973,0.04151707042013927,1866
171,0.002801148932829523,0.02065582986141506,1824
172,0.007859132101197505,-0.007577646265254634,1655
173,-0.00248050490732212,0.00964233478153189,1702
174,-0.026849035132713535,-0.05690808126216179,2007
175,-0.04578188337910088,-0.1141062958024818,2309
176,-0.055787627018923536,0.06330763306302009,3280
177,-0.03992725717390014,0.007822435069024823,1954
178,-0.030030955628710672,-0.08512065884781637,2263
179,-0.014838468879689001,-0.015619116297851923,1612
180,-0.011035597350273816,-0.002830474518226477,1626
181,-0.017756318675953245,-0.041911612544575864,1679
182,-0.03553172007885165,-0.13958902030329637,1691
183,-0.03625458703629122,-0.13037614801074787,1296
184,-0.058800847285361904,0.007143765228717105,3012
185,-0.04521198165045331,-0.005246029148573328,2200
186,-0.01330811800953865,-0.03729255792604927,1745
187,-0.008178627383492305,-0.030447911572244316,1542
188,0.0021871382569995366,-0.03756794922704184,1500
189,0.04028933398876988,0.08385923178835408,1104
190,-0.04099632234847892,0.03756384342460414,2174
191,-0.10012958102411666,-0.046275061225704996,1119
192,-0.010625577532505672,-0.04378679406781112,654
193,0.06848905219305088,0.051740675768084186,472
194,0.09037556705075357,0.3371219065653964,100
195,0.02161736734363805,0.28718063598869026,1499
196,-0.017758385413846618,0.23555919684009183,1015
197,-0.02243978433523807,-0.055061106027847646,1058
198,0.06720216425627037,0.22605108557062492,572
199,-0.04258114800746647,-0.2189762324751958,1312
200,-0.0068343833076179,-0.18264728823119813,1270
201,0.017641995167031046,-0.17263698532504929,1109
202,-0.031025950558851854,-0.20498684756757082,1177
203,-0.029161176745810678,-0.18346279825352613,1323
204,0.02147325854234265,-0.15568149359301123,1480
205,0.009916582592388043,-0.1769185790675078,1209
206,0.04178905356359151,-0.15146675623542558,1337
207,-0.05875791326880108,-0.2067997197841135,1273
208,-0.025280209141673282,-0.19068244882946492,1332
209,-0.04021635545367406,-0.2058551161132779,1338
210,-0.024415702925567936,-0.19162557426753157,1203
211,-0.0003878953974589765,-0.17192166003152026,1267
212,-0.02875382801595308,-0.19916808274761225,1250
213,-0.02319509352409838,-0.18375582739119983,1333
214,0.0072002401124184046,-0.18634150561780694,1245
215,-0.016871057761241415,-0.19167692580628456,1221
216,-0.022352916456864866,-0.19138082073824852,1378
217,-0.010368399882269869,-0.18571313359964664,1317
218,-0.05891406371313175,-0.20609492154987843,1310
219,-0.03131719657775629,-0.2026316297524035,1299
220,-0.05441421678280578,-0.19891047979985874,1232
221,0.009449100280385361,-0.17108413176812418,1177
222,-0.042824830479795725,-0.21117722181649842,1089
223,-0.0029381374937437455,-0.18547489116251695,1151
224,-0.005720255061701734,0.05855051651086811,2270
225,-0.0015199641971399803,-0.07056634720846743,1454
226,0.0180223268072287,-0.0729651596817317,1331
227,-0.007481551316287741,-0.10342343683768358,1184
228,0.035220092845444494,-0.0038172726271479425,1301
229,0.01879803445418387,0.027737504620514924,1315
230,-0.0052411646295483765,-0.06622339931297824,1449
231,0.0032668764242920656,-0.04657529474148178,1538
232,0.005544013294444737,-0.015217203483850543,1726
233,0.018406864983472864,-0.027027821102926564,1684
234,-0.0470207020732922,-0.11644223534822824,1718
235,-0.06958400889590263,-0.13038418545526642,1569
236,-0.0484260631570074,-0.15076788374363786,1476
237,-0.05429629734064881,-0.15373705687597355,1429
238,-0.06560045942622936,-0.14972665351369954,1486
239,-0.03298672534395084,-0.10103243460563308,1515
240,-0.01697208615078198,-0.027549545161200686,1928
241,-0.018447988918784113,-0.05323863291039252,1816
242,-0.046736679013524234,-0.12488079947112685,1806
243,-0.03705917941929483,-0.10044565190071136,1863
244,-0.06810490322929055,-0.09043709694296749,2210
245,-0.07398027494770021,-0.17222704875522676,1683
246,-0.06549190429509405,-0.13020916524829035,2222
247,-0.05534053213982496,-0.11660028852013027,1764
248,-0.020058166023111862,-0.10076299517881226,1435
249,-0.03897509833984099,-0.07118785255103117,1780
250,-0.03282471269455811,-0.053953636336677845,1630
251,-0.016541048850448974,-0.051416833054948555,1688
252,-0.026486221427767968,-0.10138962562434883,1816
253,-0.023471882115926157,-0.0979874432228089,1625
254,-0.0374252721488082,-0.04260218751535282,2150
255,-0.04967920407096556,-0.12150957940393617,1569
256,-0.008286949224424193,-0.11527848635270041,1353
257,-0.054293465991863896,-0.13642328891848143,1740
258,-0.021747764631278872,-0.061611660239333,1837
259,-0.024527006275564804,-0.05510309709862905,1669
260,-0.03988458140249228,-0.11385561990728443,1368
261,0.011023381422244528,-0.08742137014665556,1220
262,-0.002622575816429836,-0.12015873425256401,1258
263,-0.03328592682232608,-0.08330843957553931,1361
264,-0.037713448485807266,-0.050901359532638364,2245
265,-0.06925320102306043,-0.1296371053192909,1654
266,-0.05765951353400028,-0.09986218334173758,1856
267,-0.016428539388398895,-0.07863133588981572,1370
268,-0.05664582852708348,-0.12564223225138638,1381
269,-0.05689937893572255,-0.1586633672413322,1497
270,-0.04755706914193157,-0.1097363817264013,1787
271,-0.02021709892705901,-0.04307193295543551,1711
272,-0.011974984160776567,-0.04418696788454529,1708
273,-0.0021581692852785184,-0.0658408083387086,1174
274,-0.046569029381240995,-0.03867393855777056,2242
275,-0.05158119066741997,-0.07209187461064719,2268
276,-0.026999432063544073,-0.03550829741375646,2012
277,-0.04462709487923318,-0.07173985663204768,1802
278,-0.06909972642725475,-0.13141770278044196,1696
279,-0.08099256565797451,-0.17316564213505742,1595
280,-0.0634249770538301,-0.17833013853340984,1391
281,-0.06078957498429944,-0.14689483935603762,1623
282,-0.053902950032945915,-0.09975099903609551,1589
283,-0.045980676093652535,-0.08134285193437675,1113
284,-0.06746060009283279,-0.04967706380092749,1653
285,-0.06806491365221677,-0.13717216036865712,1601
286,-0.05314150712151929,-0.09465082203040993,1636
287,-0.04362618750814884,-0.12237312138380553,1429
288,-0.05885031782679758,-0.123214776124857,1390
289,-0.06550566061498664,-0.15873164649322924,1325
290,-0.017385345128443284,-0.10682721569235655,1277
291,-0.026291738162005203,-0.1511119234075616,965
292,-0.06131143012074908,-0.1534116162633794,1474
293,-0.06940498219557419,-0.13916002680694814,823
294,0.004806464878178037,-0.16940709016680117,998
295,0.0032179776252908737,-0.14286151890983168,1038
296,-0.00026888330472863,-0.09558479260364279,1075
297,-0.015499299816761696,-0.18052485249386258,980
298,0.006742077653342061,-0.14695705388499536,1008
299,0.007717958160137806,-0.11896425789648143,1132
300,0.046397464073412505,-0.13986852739470068,995
301,0.016869006135318908,-0.15165555288805352,1050
302,-0.0020093181986879484,-0.15692159740140516,953
303,0.004834331975506612,-0.1223549403196648,1219
304,-0.04070824298316155,-0.18130484463662086,1160
305,-0.023384694614359432,-0.14584675230160965,1315
306,0.008890498829112267,-0.15794396159528398,1053
307,-0.01868922960026262,-0.1534532777449537,1047
308,-0.05926628458253117,-0.16936445198822783,1502
309,-0.049309332730734186,-0.18256556112011887,1083
310,0.011578504748729969,-0.1348999949289578,1245
311,-0.04270034466393627,-0.1524365064424958,1345
312,-0.043148782113057706,-0.1894130748253171,1197
313,-0.03547224712600282,-0.17983572806960316,1265
314,-0.04959202015369528,-0.087220099711075,1684
315,-0.053045845576186385,-0.1902663926391189,1171
316,-0.04448545288394888,-0.19500824260693617,1213
317,-0.08464268418181972,-0.21202073313832123,1499
318,-0.023936479429999324,-0.1964232092357234,1123
319,-0.0399507141672297,-0.20618562045783934,1348
320,-0.05478870561422837,-0.2206760677585745,1231
321,-0.05109052981820959,-0.20508971841061877,1320
322,-0.06846713904602209,-0.2173391151744632,1622
